SPL_ID,GUID,XML_FILE
100,b702dcc9-dd0e-4386-b1e2-f20562fd2ad9,b702dcc9-dd0e-4386-b1e2-f20562fd2ad9.xml
104,75672079-589f-451a-bdbf-eaebcfcc80a9,282ae0c1-e1f3-4045-af1d-bc2f6bd7b4e2.xml
105,7bcfbac2-e8ac-4569-8edc-bcde3b1fd172,3d940554-158d-4303-ae20-78fa76106c73.xml
106,b0f03994-b744-4d66-95b7-8c86217882bc,19cc7ade-51b3-44f2-9bb1-a7a22909af97.xml
115,3cf2f439-0e97-443e-8e33-25ecef616f6c,c6efa4e8-aa1f-4436-b0a7-2ccffb971275.xml
116,fe04f6cd-e71c-4bd4-abac-97720bba2a0d,21ecf2ba-0923-48bc-b8ca-53f7d8cff24d.xml
126,8fbd0773-6645-4235-9ef2-56edf9c7fb83,8fbd0773-6645-4235-9ef2-56edf9c7fb83.xml
130,8589d376-ac10-4ddb-9c53-2e0c8d5675c4,d4d1ca2a-8c29-477e-bdd1-7e536daa28cf.xml
132,8a99d6d6-fd9e-45bb-b1bf-48c7f761232a,f21636e0-6314-42a0-b1b1-853dfe1121e2.xml
133,d77aa596-910d-516b-e053-2995a90a0839,fbd33240-1ebe-4f39-b9f7-bcdc90e10824.xml
135,5a0ba417-8a4a-4d7f-b85a-1839ee8bd3f1,8e64b577-1ecb-46f2-a7c8-3577a16f8837.xml
136,F4FA5E60-5F70-46D7-8E29-DFCF8B783F2C,F4FA5E60-5F70-46D7-8E29-DFCF8B783F2C.xml
140,5acf0836-93ff-4064-b888-3f560e8a558d,ed0040fb-c481-4477-8712-00fa6350cd70.xml
141,e5b72731-1acb-45b7-9c13-290ad12d3951,202c35c1-6913-4732-9598-3e680a4d6def.xml
144,9c75e30a-a410-40f1-b653-04d532bd9144,01f76c5f-0f92-42d5-b2de-18a330c27876.xml
146,dc68c727-a77a-432e-8308-e88aea241b58,3a7d01de-7a4c-4b74-b52c-36ec73664e82.xml
147,472bd78e-be17-4b9d-90f4-9482c3aec9ff,8218989c-639a-11ea-bb8e-0434fc2ca371.xml
148,038f2461-834b-4488-9ebd-863c83eef5a7,14b8830b-ed6f-4cd2-8dc3-f8ff5591e14b.xml
151,de1f85ac-df1b-4b7b-8e18-48ebdc8b9279,174443f7-0f33-47d5-89cd-fce503ec8f36.xml
160,d162d386-105d-e916-e053-2995a90a350c,facc32bf-5a56-24d8-e053-6394a90a080f.xml
165,59007321-a6e4-4c98-858e-e824921f6a35,48a580d5-f8b2-4bef-9127-473013b4363f.xml
171,213ddf73-8290-4a75-98a1-40b9d20dac9e,e7a88475-fa6b-4132-8a13-e067fa9e3f64.xml
175,9c4ae9d9-c2a0-4995-a27a-e3f0f0284db9,50e67e39-8276-4933-ae33-7aa9a53b136f.xml
178,2483adba-fab6-4d1b-96c5-c195577ed071,bc112715-2870-4223-90e6-09d21f4d70fd.xml
185,bc56f7fd-1aaf-48ff-8aa7-d467e59e1015,300ed63a-6bbc-4dbd-ba1d-e4eda4737e09.xml
186,98531820-a85c-4ee7-9338-2be264219afe,aa6213f5-e549-4e42-a795-b791de8353b7.xml
188,1cefef7e-51b3-494c-946d-d5ae92bdc66a,b1f03a9d-03b5-4402-bfb6-fb7055e896a6.xml
189,28596788-b73f-4247-85fc-3105f51fff5a,47bc4f0f-13e6-4c5b-97f2-d6dab432a660.xml
190,52f4cc49-6553-426f-9778-0bd34e31b942,03a97001-7d04-427a-9e50-c3bef5db5dc9.xml
192,41706573-546f-6774-6872-5374726f6e67,bdbcb712-6e43-45e4-9404-452239d0daa0.xml
196,d2af5404-3cfe-445d-8328-19e667ecdc43,7aceb111-5e79-5057-e053-2991aa0a9286.xml
197,8513207e-b55f-417b-9473-af785146a543,6fdafb53-4fe1-449d-98cd-aaa175da52fd.xml
199,c7400f8a-dcf4-a6df-6d07-983081b1bf34,9474d542-4726-4546-a768-10d418cdf5cc.xml
202,7821bd40-4c84-4984-951b-6436ae20421a,39635709-9ce5-49ff-be33-442baea0825a.xml
203,2179f02c-48d7-48eb-8007-5ae43d8d16bc,bd4fac40-6631-420f-aead-919c2fd56cc4.xml
206,1eaa7790-f1a1-4f51-b10a-cbbaf033f684,049f2c46-6b00-429e-a4fa-d2f288e3cc48.xml
207,7c552f11-e24a-4d9b-bb8d-be10c928eca8,9769b430-3ff8-4bfb-be61-e72104adbc88.xml
210,31b347d2-f156-4055-9d8f-7cf0df420296,880650ec-dac5-4e10-be94-f4e92e4861f8.xml
212,c4d65f28-983f-42b4-bb23-023ae0fe81b2,24206535-f29e-ebc5-e063-6394a90aee5e.xml
213,f25d7a42-da2a-7310-e053-2995a90a590f,ffe62883-85a4-6e94-e053-6294a90ac61f.xml
218,da6aca1a-19ed-44a4-abb7-696c7d58b784,901977cc-c730-4b8b-9faf-ca24afc3589a.xml
219,0caa2565-12b2-0ad0-1f9a-273e81c3d4cc,8c7a8949-b407-41ab-b2e3-88c83b6a9213.xml
222,b2b3be70-17d8-4093-896c-f1c54a2cf242,b5d4512d-7420-453c-85c7-442db7b25013.xml
224,9889a75d-4197-496c-aae1-15c9058c1d1b,ca584fad-9f6d-43ce-b08c-11fff7b2e335.xml
226,e782283e-2608-4fd6-a8b2-6c30b9d5d3b0,5a590f9a-a5ae-4c4a-9c0f-8742e7cceca2.xml
227,8d663642-f52e-49c0-a023-2da083fdfc0b,c32bb83e-f9f4-4a6e-928a-f736138996b6.xml
231,2653e72f-ebde-4245-9462-8b671b5d8a92,e824ad0c-9811-4866-95e6-e837b38b4352.xml
232,0691def8-4a7b-4de3-866f-a280989f47f1,5c8efb5f-4957-428e-ad2a-a2a9a28ca2fd.xml
233,3aaa6e14-a3f7-4fb2-b9f9-d3a9c3ae1f74,c8018585-1855-4cbe-a324-9b1c59b3650b.xml
234,c986f93b-855d-4ef0-b620-5d41a0513e48,d02c8a27-7501-4b03-bf87-43f4948f11a5.xml
236,a7a23b87-f892-4e2c-8e2e-ebf841220f90,1cc30c17-fa2f-ad29-e063-6294a90a4f88.xml
238,7d4f0e3a-5b86-4c43-982a-813b22ae7e22,2f85745e-01d9-47d2-b1d6-0b454850dba8.xml
241,9d1ff786-e577-410a-a273-c4d7d0e4e975,928f989b-6872-4411-be61-c3f8ad27192b.xml
242,04212000-ec03-42a3-8b9e-3a28237f415e,37f4de47-6e86-480a-912a-ccdf4ebc143a.xml
245,66d3fecb-32a4-7781-e053-2a91aa0a83ca,a742815a-7705-9153-e053-2995a90a562d.xml
250,7ea3c60a-45c7-44cc-afc2-d87fa53993c0,78eca8f6-f94b-4835-9602-901a5a555d47.xml
252,a0da0dba-a56d-486b-a45b-e8a7cdfbeac6,0a28533c-9d12-42ed-8bef-75d38e3b043e.xml
263,ae02436e-9528-490e-a844-0c0f6f2843f9,4de58592-1f9d-4bf9-bf77-2356095c1745.xml
264,f001f406-8cf1-40a4-bbf5-1775fe020122,bf7831ab-f1fe-9652-e053-2a95a90a6bfd.xml
265,1d1c41c1-8f5f-ee76-c890-4f1f2a3b2e96,e4f1e75a-e315-00f1-a044-13b6d2dcbca4.xml
268,aadd18e0-3752-11e4-8510-0800200c9a66,45d4947a-552a-46fc-920c-fb0ea6f25871.xml
269,0ab861c2-d5ca-4f92-854c-6477971a1b38,58cc9885-2828-435d-9db2-8e94cdecfa00.xml
272,29f4637b-e204-425b-b89c-7238008d8c10,b4da2728-c603-4330-9abe-88d375e67f40.xml
273,2ef0cf38-101c-4681-98fe-c05dc9ead443,2be8915b-a326-4a1e-ace3-27358c3e6b4a.xml
275,b18fdfd9-31cd-4a2f-9f1c-ebc70d7a9403,64c04e28-0c78-42d4-af87-6c45ab6fbb46.xml
278,669c936b-3ee6-4e36-8a22-79dd11b1255b,ad4973b7-3384-4241-8591-bb133be03101.xml
279,e6aba45c-9e3c-4d14-82ce-fda3ba771fe1,b16cb744-b0d8-4f1a-a32e-43b20fe074be.xml
281,028312dc-d155-4fd5-8abd-6bb9f011d3cc,a2951b0d-10fe-447c-8f83-2c244fbc8815.xml
283,cd270093-c6a8-4596-a4ab-e6aa0a2c8a0c,e4cbc29d-7e7f-4406-8543-3f3ab4ef7b0b.xml
285,fe431ed4-ea6f-4e99-b4bc-ec25ae7b8553,886446b0-0484-46d8-9cb6-199c3845e234.xml
288,50f193ee-1691-486d-9370-a664df63695c,8516a0fe-4a0b-4f53-9a04-6e881f7efea0.xml
289,fe2895bf-71a6-493a-b0ca-e06b2dfefc82,154842e6-a919-ba71-e063-6394a90aebd4.xml
292,39ad8799-00a4-4fc8-9852-c0536350c474,b835bae3-1dac-4644-b01e-24838e6c99d0.xml
294,ae8f4eb4-b1eb-432e-b5ab-598c29996d6a,b16f3bd8-7186-472e-8d02-a18d12fd1349.xml
296,449c9a41-d61e-49fd-b5e3-d76f74b92acf,f41289a0-96cc-4577-ba05-f845bdd6f7d3.xml
297,1e6bea44-57d6-4bac-9328-46e1ee59f83b,02c10e00-7f20-41ea-ad45-b239c8b7098a.xml
298,da52e74a-1baf-4a33-a068-b49176700320,c74d3ec2-e302-49dc-9e84-b8698b7fd209.xml
299,17a8d11b-73b0-4833-a0b4-cf1ef85edefb,d7e63a3f-06f0-41fd-a4db-8c0646fda89a.xml
300,000dc81d-ab91-450c-8eae-8eb74e72296f,88c55864-9975-4526-9a8f-9bb8ce1a204a.xml
304,5387a4fb-b894-4cba-88a3-a947217d34da,212d2226-56a3-4a0c-9f80-34324b36dde5.xml
306,83db29d7-5d85-49d6-8cb6-740473365cf8,36598a63-353c-4b23-83a1-46f225ea6765.xml
310,cdfbe0cd-eb15-45a1-ac17-531bcda21aec,1d6c9e9d-e17d-4609-91fa-75e5bdbc5114.xml
311,e77d3400-56ad-11e3-949a-0800200c9a66,69ae263f-7254-45ec-8c01-eac6ba31b9fc.xml
313,d6a33ea7-ecd1-4f81-a984-f210a3989618,129c30f2-85d6-59ee-e063-6294a90aef97.xml
314,ada639d4-bac0-2ad0-e053-2a95a90afce7,f277c0eb-453c-8d7d-e053-2995a90a20df.xml
318,e1964129-33f4-4e4e-86e3-8e6a4e65bd83,083a416a-ff54-43a2-b621-c4cf7a30b464.xml
319,9c38fdb6-d0ba-4f16-a0e3-85d9ec334d9f,1df0a8c6-8180-3725-e063-6294a90a0369.xml
321,819f828a-b888-4e46-83fc-94d774a28a83,e71b0b39-5a29-4e38-8500-55b6d1f48543.xml
324,e5721cb8-4185-47b9-bbb3-1c587e558a03,f4de7f26-bf5f-4631-b48d-a44d618664fd.xml
325,92018a65-38f6-45f7-91d4-a34921b81d0d,9f7f886a-6d34-48f7-9f13-a34e315aeafe.xml
326,925d4e21-fd98-474d-a34d-a0b3558ed750,1b14c170-a976-444f-a1be-edc59d532721.xml
328,17ffc094-8ca7-45d2-80d8-fd043bc9a221,965dff7b-aaeb-4025-bce1-75c541beeb0a.xml
332,33bff678-7829-479e-9110-b8e33a0bc0aa,bc7aae14-1ae0-4b09-b42a-c3f5a9c7ce11.xml
334,b5a81d5a-4648-4c7a-951d-33c014a63c7e,90b46fbe-5cff-4ebf-9da4-a9a649bd5c5e.xml
335,4c970164-cafb-421f-9eb5-c226ef0a3417,069ca9bd-7d7e-4358-b1f2-ce3ab7bca189.xml
343,46ec9233-4063-4c48-e054-00144ff8d46c,af5e96dc-661a-5180-e053-2a95a90a6edc.xml
344,98e70c9c-fa3c-e63f-41d4-dac3c6fec51d,862d96cb-5fd7-8e42-bc82-b4645975cfa1.xml
