PT_CODE_1,CUI_1,TERM_1,TTY_1,PT_CODE_2,CUI_2,TERM_2,TTY_2,INTRINSIC_LCH,LCH,WUPALMER,WUPALMER_PERL,SOKAL,INTRINSIC_LIN,INTRINSIC_RESNIK,NATURE_NORM,MAX_METRIC,AUTOLIST,SMQ_CODE,HLT,HLGT,IN_SNOMED,INCLUDE,POSCTRL
10040477,C0549622,Sexual dysfunction,PT,10062641,C0015786,Female sexual arousal disorder,PT,1.158817,3.465736,0.769231,0.3125,0.362428,0.694545,11.812139,1.528486,0,0,1,1,1,1,1,1
10040477,C0549622,Sexual dysfunction,PT,10028391,C0026858,Musculoskeletal pain,PT,0.539066,3.178054,0.833333,0.588235,0.128479,0.370942,5.946172,0.780088,0,0,0,0,0,1,0,0
10040477,C0549622,Sexual dysfunction,PT,10040855,C0406855,Skin graft infection,PT,0.450762,3.178054,0.833333,0.555556,0.118474,0.34963,5.946172,0.769432,0,0,0,0,0,1,0,0
10040477,C0549622,Sexual dysfunction,PT,10054717,C0029182,Disorder of orbit,PT,0.837941,3.178054,0.833333,0.714286,0.168237,0.447227,5.946172,0.818231,0,0,0,0,0,1,0,0
10040477,C0549622,Sexual dysfunction,PT,10050839,C0004775,Bartter's syndrome,PT,0.451829,3.178054,0.833333,0.465116,0.118591,0.349884,5.946172,0.769559,0,0,0,0,0,1,0,0
10040477,C0549622,Sexual dysfunction,PT,10000317,C0541754,Abscess sterile,PT,0.450762,3.178054,0.833333,0.465116,0.118474,0.34963,5.946172,0.769432,0,0,0,0,0,1,0,0
10040477,C0549622,Sexual dysfunction,PT,10018767,C0018378,Guillain-Barre syndrome,PT,0.455638,3.178054,0.833333,0.5,0.119008,0.35079,5.946172,0.770012,0,0,0,0,0,1,0,0
10040477,C0549622,Sexual dysfunction,PT,10062936,C0032044,Placenta accreta,PT,0.451777,3.178054,0.833333,0.444444,0.118585,0.349872,5.946172,0.769553,0,0,0,0,0,1,0,0
10040477,C0549622,Sexual dysfunction,PT,10062759,C0265965,Congenital dyskeratosis,PT,0.452427,3.178054,0.833333,0.526316,0.118656,0.350026,5.946172,0.76963,0,0,0,0,0,1,0,0
10040477,C0549622,Sexual dysfunction,PT,10063075,C0267809,Cryptogenic cirrhosis,PT,0.451459,3.178054,0.833333,0.540541,0.11855,0.349796,5.946172,0.769515,0,0,0,0,0,1,0,0
10040477,C0549622,Sexual dysfunction,PT,10014989,C0014527,Epidermolysis bullosa,PT,0.468498,3.178054,0.833333,0.5,0.120425,0.353859,5.946172,0.771547,0,0,0,0,0,1,0,0
10040477,C0549622,Sexual dysfunction,PT,10049206,C0343243,Muscle abscess,PT,0.459731,3.178054,0.833333,0.465116,0.119457,0.351765,5.946172,0.7705,0,0,0,0,0,1,0,0
10040477,C0549622,Sexual dysfunction,PT,10028289,C0026846,Muscle atrophy,PT,0.518108,3.178054,0.833333,0.571429,0.126037,0.365826,5.946172,0.77753,0,0,0,0,0,1,0,0
10040477,C0549622,Sexual dysfunction,PT,10040767,C1527336,Sjogren's syndrome,PT,0.454101,3.178054,0.833333,0.526316,0.118839,0.350424,5.946172,0.769829,0,0,0,0,0,1,0,0
10040477,C0549622,Sexual dysfunction,PT,10062766,C0271093,Stargardt's disease,PT,0.451155,3.178054,0.833333,0.5,0.118517,0.349724,5.946172,0.769479,0,0,0,0,0,1,0,0
10040477,C0549622,Sexual dysfunction,PT,10042033,C0038325,Stevens-Johnson syndrome,PT,0.451539,3.178054,0.833333,0.465116,0.118559,0.349815,5.946172,0.769525,0,0,0,0,0,1,0,0
10040477,C0549622,Sexual dysfunction,PT,10063119,C0340865,Anaphylactoid shock,PT,0.463264,3.178054,0.833333,0.47619,0.119846,0.352608,5.946172,0.770921,0,0,0,0,0,1,0,0
10040477,C0549622,Sexual dysfunction,PT,10062767,C0342409,Hypophysitis,PT,0.453539,3.178054,0.833333,0.512821,0.118778,0.350291,5.946172,0.769763,0,0,0,0,0,1,0,0
10040477,C0549622,Sexual dysfunction,PT,10011372,C0151577,Creatinine renal clearance decreased,PT,0.270663,3.178054,0.714286,0.294118,0.064257,0.215487,3.664802,0.474224,0,0,0,0,0,1,0,0
10040477,C0549622,Sexual dysfunction,PT,10009192,C0036974,Circulatory collapse,PT,0.541232,3.178054,0.833333,0.588235,0.128734,0.371473,5.946172,0.780354,0,0,0,0,0,1,0,0
10040477,C0549622,Sexual dysfunction,PT,10069666,C2721734,Methylenetetrahydrofolate reductase polymorphism,PT,0.450762,3.178054,0.833333,0.606061,0.118474,0.34963,5.946172,0.769432,0,0,0,0,0,0,0,0
10040477,C0549622,Sexual dysfunction,PT,10069681,C1865384,Monomelic amyotrophy,PT,0.450762,3.178054,0.833333,0.571429,0.118474,0.34963,5.946172,0.769432,0,0,0,0,0,0,0,0
10040477,C0549622,Sexual dysfunction,PT,10080898,C0751792,Nervous system injury,PT,0.764985,3.178054,0.833333,0.666667,0.157638,0.428099,5.946172,0.808667,0,0,0,0,0,1,0,0
10040477,C0549622,Sexual dysfunction,PT,10080439,C0275703,Brazilian purpuric fever,PT,0.450762,3.178054,0.833333,0.444444,0.118474,0.34963,5.946172,0.769432,0,0,0,0,0,1,0,0
10040477,C0549622,Sexual dysfunction,PT,10049647,C0342501,Adrenal cyst,PT,0.451098,3.178054,0.833333,0.487805,0.118511,0.34971,5.946172,0.769472,0,0,0,0,0,1,0,0
10040477,C0549622,Sexual dysfunction,PT,10009196,C0235531,Circulatory failure neonatal,PT,0.451074,3.178054,0.833333,0.454545,0.118508,0.349705,5.946172,0.76947,0,0,0,0,0,1,0,0
10040477,C0549622,Sexual dysfunction,PT,10009191,C0877792,Circadian rhythm sleep disorder,PT,0.930256,2.95491,0.814815,0.611111,0.276807,0.604904,10.192489,1.321701,0,0,0,0,0,1,0,0
10040477,C0549622,Sexual dysfunction,PT,10015218,C0014742,Erythema multiforme,PT,0.460749,3.178054,0.833333,0.512821,0.119569,0.352008,5.946172,0.770621,0,0,0,0,0,1,0,0
10040477,C0549622,Sexual dysfunction,PT,10018209,C0085207,Gestational diabetes,PT,0.455589,3.178054,0.833333,0.434783,0.119002,0.350779,5.946172,0.770007,0,0,0,0,0,1,0,0
10040477,C0549622,Sexual dysfunction,PT,10015213,C0014741,Erythema induratum,PT,0.450973,3.178054,0.833333,0.434783,0.118497,0.34968,5.946172,0.769457,0,0,0,0,0,1,0,0
10040477,C0549622,Sexual dysfunction,PT,10052032,C0242292,Albright's disease,PT,1.158817,3.465736,0.769231,0.232558,0.362428,0.694545,11.812139,1.528486,0,0,0,0,0,1,0,0
10040477,C0549622,Sexual dysfunction,PT,10016080,C3494187,Factor VIII deficiency,PT,0.466567,3.178054,0.833333,0.588235,0.120211,0.353397,5.946172,0.771316,0,0,0,0,0,1,0,0
10040477,C0549622,Sexual dysfunction,PT,10054716,C0015397,Disorder of globe,PT,0.815692,3.178054,0.833333,0.689655,0.16494,0.441365,5.946172,0.8153,0,0,0,0,0,1,0,0
10040477,C0549622,Sexual dysfunction,PT,10052134,C1271398,Pigment dispersion syndrome,PT,0.452599,3.178054,0.833333,0.588235,0.118675,0.350067,5.946172,0.769651,0,0,0,0,0,1,0,0
10040477,C0549622,Sexual dysfunction,PT,10069509,C0271893,Autoimmune pancytopenia,PT,0.450762,3.178054,0.833333,0.454545,0.118474,0.34963,5.946172,0.769432,0,0,0,0,0,1,0,0
10040477,C0549622,Sexual dysfunction,PT,10069408,C0000880,Acanthamoeba keratitis,PT,0.451334,3.178054,0.833333,0.47619,0.118537,0.349766,5.946172,0.7695,0,0,0,0,0,1,0,0
10040477,C0549622,Sexual dysfunction,PT,10081000,C0022577,Vernal keratoconjunctivitis,PT,0.450968,3.178054,0.833333,0.434783,0.118497,0.349679,5.946172,0.769457,0,0,0,0,0,1,0,0
10040477,C0549622,Sexual dysfunction,PT,10025016,C0154735,Lumbosacral plexus lesion,PT,0.518568,3.178054,0.833333,0.571429,0.126091,0.365938,5.946172,0.777586,0,0,0,0,0,1,0,0
10040477,C0549622,Sexual dysfunction,PT,10008267,C0007871,Cervical incompetence,PT,0.453602,3.178054,0.833333,0.540541,0.118785,0.350306,5.946172,0.76977,0,0,0,0,0,1,0,0
10040477,C0549622,Sexual dysfunction,PT,10069445,C0265971,Acrokeratosis verruciformis,PT,0.450762,3.178054,0.833333,0.512821,0.118474,0.34963,5.946172,0.769432,0,0,0,0,0,1,0,0
10040477,C0549622,Sexual dysfunction,PT,10057041,C0392777,Poikiloderma,PT,0.467479,3.178054,0.833333,0.540541,0.120312,0.353615,5.946172,0.771425,0,0,0,0,0,1,0,0
10040477,C0549622,Sexual dysfunction,PT,10058929,C0855242,Disturbance in sexual arousal,PT,2.405022,3.465736,0.903226,0.875,0.777122,0.933097,15.869213,2.05347,0,1,1,0,0,0,1,1
10040477,C0549622,Sexual dysfunction,PT,10089744,C5849647,Sexual activity decreased,PT,0.164598,2.618438,0.363636,0.190476,0.034305,0.124415,2.115938,0.273801,0,1,0,0,0,0,1,1
10040477,C0549622,Sexual dysfunction,PT,10089535,C0266103,Nasopalatine duct cyst,PT,0.450762,3.178054,0.833333,0.487805,0.118474,0.34963,5.946172,0.769432,0,0,0,0,0,1,0,0
10040477,C0549622,Sexual dysfunction,PT,10065161,C0032460,Polycystic ovarian syndrome,PT,1.159552,3.178054,0.714286,0.232558,0.362614,0.694715,11.812139,1.528571,0,0,0,0,0,1,0,0
10040477,C0549622,Sexual dysfunction,PT,10089050,C5544815,Rhupus syndrome,PT,0.450762,3.178054,0.833333,0.512821,0.118474,0.34963,5.946172,0.769432,0,0,0,0,0,0,0,0
10040477,C0549622,Sexual dysfunction,PT,10089078,C5396958,Orthorexia nervosa,PT,0.908522,3.178054,0.846154,0.733333,0.272158,0.59931,10.192489,1.318904,0,0,0,0,0,1,0,0
10040477,C0549622,Sexual dysfunction,PT,10025005,C0158288,Lumbar spinal stenosis,PT,0.457281,3.178054,0.833333,0.526316,0.119188,0.351181,5.946172,0.770208,0,0,0,0,0,1,0,0
10040477,C0549622,Sexual dysfunction,PT,10069579,C2721675,Posterior fossa syndrome,PT,0.908522,3.178054,0.846154,0.709677,0.272158,0.59931,10.192489,1.318904,0,0,0,0,0,0,0,0
10040477,C0549622,Sexual dysfunction,PT,10069620,C2721704,Vaccination site swelling,PT,0.450762,3.178054,0.833333,0.588235,0.118474,0.34963,5.946172,0.769432,0,0,0,0,0,1,0,0
10040477,C0549622,Sexual dysfunction,PT,10038758,C0405106,Retained placenta or membranes,PT,0.461419,3.178054,0.833333,0.540541,0.119643,0.352168,5.946172,0.770701,0,0,0,0,0,1,0,0
10040477,C0549622,Sexual dysfunction,PT,10043563,C0836924,Thrombocytosis,PT,0.324458,3.178054,0.75,0.352941,0.079133,0.255805,4.336973,0.5616,0,0,0,0,0,1,0,0
10040477,C0549622,Sexual dysfunction,PT,10069421,C0340791,Lymphatic fistula,PT,0.451886,3.178054,0.833333,0.526316,0.118597,0.349898,5.946172,0.769566,0,0,0,0,0,1,0,0
10040477,C0549622,Sexual dysfunction,PT,10067502,C1295585,Decreased vibratory sense,PT,0.320441,3.178054,0.75,0.324324,0.078829,0.255011,4.336973,0.561203,0,0,0,0,0,1,0,0
10040477,C0549622,Sexual dysfunction,PT,10015670,C0015269,Exhibitionism,PT,2.440912,3.178054,0.875,0.848485,0.786012,0.936276,15.869213,2.055059,0,0,0,0,0,1,0,0
10040477,C0549622,Sexual dysfunction,PT,10043561,C0857305,Thrombocytopenic purpura,PT,0.458702,3.178054,0.833333,0.526316,0.119344,0.35152,5.946172,0.770377,0,0,0,0,0,1,0,0
10040477,C0549622,Sexual dysfunction,PT,10058972,C0005944,Bone metabolism disorder,PT,0.604787,3.178054,0.833333,0.540541,0.136416,0.387203,5.946172,0.788219,0,0,0,0,0,1,0,0
10040477,C0549622,Sexual dysfunction,PT,10015677,C0019322,Exomphalos,PT,0.459462,3.178054,0.833333,0.512821,0.119427,0.351701,5.946172,0.770468,0,0,0,0,0,1,0,0
10040477,C0549622,Sexual dysfunction,PT,10033965,C0153653,Parathyroid tumour malignant,PT,0.452897,3.178054,0.833333,0.487805,0.118708,0.350138,5.946172,0.769686,0,0,0,0,0,1,0,0
10040477,C0549622,Sexual dysfunction,PT,10015688,C1442903,Exostosis,PT,0.472433,3.178054,0.833333,0.512821,0.120862,0.354801,5.946172,0.772018,0,0,0,0,0,1,0,0
10040477,C0549622,Sexual dysfunction,PT,10026663,C0153378,Malignant palate neoplasm,PT,0.453593,3.178054,0.833333,0.454545,0.118784,0.350304,5.946172,0.769769,0,0,0,0,0,1,0,0
10040477,C0549622,Sexual dysfunction,PT,10089169,C1328843,Immune-mediated vasculitis,PT,0.462315,3.178054,0.833333,0.526316,0.119741,0.352382,5.946172,0.770808,0,0,0,0,0,1,0,0
10040477,C0549622,Sexual dysfunction,PT,10055128,C0340971,Autoimmune neutropenia,PT,0.450762,3.178054,0.833333,0.454545,0.118474,0.34963,5.946172,0.769432,0,0,0,0,0,1,0,0
10040477,C0549622,Sexual dysfunction,PT,10002368,C0002957,Anger,PT,0.920943,2.95491,0.814815,0.758621,0.274808,0.602509,10.192489,1.320503,0,0,0,0,0,1,0,0
10040477,C0549622,Sexual dysfunction,PT,10026702,C0153470,Malignant splenic neoplasm,PT,0.460531,3.178054,0.833333,0.465116,0.119545,0.351956,5.946172,0.770595,0,0,0,0,0,1,0,0
10040477,C0549622,Sexual dysfunction,PT,10025391,C0009677,Macroglossia,PT,0.451165,3.178054,0.833333,0.5,0.118518,0.349726,5.946172,0.76948,0,0,0,0,0,1,0,0
10040477,C0549622,Sexual dysfunction,PT,10044846,C0152627,Tuberculosis of intrathoracic lymph nodes,PT,0.451307,3.178054,0.833333,0.425532,0.118534,0.34976,5.946172,0.769497,0,0,0,0,0,1,0,0
10040477,C0549622,Sexual dysfunction,PT,10086403,C0398644,Hypergammaglobulinaemic purpura of Waldenstrom,PT,0.450762,3.178054,0.833333,0.526316,0.118474,0.34963,5.946172,0.769432,0,0,0,0,0,1,0,0
10040477,C0549622,Sexual dysfunction,PT,10085970,C0751356,Idiopathic inflammatory myopathy,PT,0.458138,3.178054,0.833333,0.555556,0.119282,0.351386,5.946172,0.77031,0,0,0,0,0,1,0,0
10040477,C0549622,Sexual dysfunction,PT,10085806,C5554054,Myelin oligodendrocyte glycoprotein antibody-associated disease,PT,0.450762,3.178054,0.833333,0.512821,0.118474,0.34963,5.946172,0.769432,0,0,0,0,0,1,0,0
10040477,C0549622,Sexual dysfunction,PT,10085766,C0265970,Disseminated superficial actinic porokeratosis,PT,0.450762,3.178054,0.833333,0.487805,0.118474,0.34963,5.946172,0.769432,0,0,0,0,0,1,0,0
10040477,C0549622,Sexual dysfunction,PT,10085063,C5442321,Lumbosacral radiculoplexus neuropathy,PT,0.450762,3.178054,0.833333,0.434783,0.118474,0.34963,5.946172,0.769432,0,0,0,0,0,0,0,0
10040477,C0549622,Sexual dysfunction,PT,10057926,C1141890,Long QT syndrome congenital,PT,0.459774,3.178054,0.833333,0.540541,0.119462,0.351776,5.946172,0.770505,0,0,0,0,0,1,0,0
10040477,C0549622,Sexual dysfunction,PT,10057680,C0040533,Venom poisoning,PT,0.530523,3.178054,0.833333,0.625,0.127479,0.368852,5.946172,0.779043,0,0,0,0,0,1,0,0
10040477,C0549622,Sexual dysfunction,PT,10063732,C0003516,Aorticopulmonary septal defect,PT,0.458955,3.178054,0.833333,0.47619,0.119372,0.35158,5.946172,0.770407,0,0,0,0,0,1,0,0
10040477,C0549622,Sexual dysfunction,PT,10063431,C0027341,Nail-patella syndrome,PT,0.450762,3.178054,0.833333,0.5,0.118474,0.34963,5.946172,0.769432,0,0,0,0,0,1,0,0
10040477,C0549622,Sexual dysfunction,PT,10063396,C0271097,Usher's syndrome,PT,0.452076,3.178054,0.833333,0.5,0.118618,0.349943,5.946172,0.769589,0,0,0,0,0,1,0,0
10040477,C0549622,Sexual dysfunction,PT,10059009,C1142162,Injection site scar,PT,0.450762,3.178054,0.833333,0.526316,0.118474,0.34963,5.946172,0.769432,0,0,0,0,0,1,0,0
10040477,C0549622,Sexual dysfunction,PT,10010736,C0151964,Conjunctival ulcer,PT,0.450762,3.178054,0.833333,0.571429,0.118474,0.34963,5.946172,0.769432,0,0,0,0,0,1,0,0
10040477,C0549622,Sexual dysfunction,PT,10048407,C0392534,Ruptured ectopic pregnancy,PT,0.452023,3.178054,0.833333,0.526316,0.118612,0.34993,5.946172,0.769582,0,0,0,0,0,1,0,0
10040477,C0549622,Sexual dysfunction,PT,10010726,C0151601,Conjunctival oedema,PT,0.451599,3.178054,0.833333,0.465116,0.118566,0.349829,5.946172,0.769532,0,0,0,0,0,1,0,0
10040477,C0549622,Sexual dysfunction,PT,10057466,C1112641,Tricuspid valve calcification,PT,0.450762,3.178054,0.833333,0.434783,0.118474,0.34963,5.946172,0.769432,0,0,0,0,0,1,0,0
10040477,C0549622,Sexual dysfunction,PT,10058987,C3496580,Inferior vena caval occlusion,PT,0.457897,3.178054,0.833333,0.555556,0.119255,0.351328,5.946172,0.770281,0,0,0,0,0,1,0,0
10040477,C0549622,Sexual dysfunction,PT,10010685,C0019099,Congo-Crimean haemorrhagic fever,PT,0.451171,3.178054,0.833333,0.408163,0.118519,0.349728,5.946172,0.769481,0,0,0,0,0,1,0,0
10040477,C0549622,Sexual dysfunction,PT,10058819,C1142113,Hyperalbuminaemia,PT,0.450762,3.178054,0.833333,0.5,0.118474,0.34963,5.946172,0.769432,0,0,0,0,0,1,0,0
10040477,C0549622,Sexual dysfunction,PT,10029229,C1510479,Neuralgic amyotrophy,PT,0.451255,3.178054,0.833333,0.512821,0.118528,0.349748,5.946172,0.769491,0,0,0,0,0,1,0,0
10040477,C0549622,Sexual dysfunction,PT,10058423,C0221025,Haemangioma-thrombocytopenia syndrome,PT,0.450762,3.178054,0.833333,0.444444,0.118474,0.34963,5.946172,0.769432,0,0,0,0,0,1,0,0
10040477,C0549622,Sexual dysfunction,PT,10078821,C0795889,Allan-Herndon-Dudley syndrome,PT,0.908522,3.178054,0.846154,0.488889,0.272158,0.59931,10.192489,1.318904,0,0,0,0,0,1,0,0
10040477,C0549622,Sexual dysfunction,PT,10018866,C0149707,Haematospermia,PT,0.321411,3.178054,0.75,0.375,0.078903,0.255202,4.336973,0.561298,0,0,0,0,1,1,0,1
10040477,C0549622,Sexual dysfunction,PT,10080320,C3164407,Oligoasthenozoospermia,PT,1.082452,2.95491,0.705882,0.4,0.334641,0.667972,11.360213,1.470007,0,0,0,0,1,1,0,1
10040477,C0549622,Sexual dysfunction,PT,10080908,C4075512,Flap necrosis,PT,0.45357,3.178054,0.833333,0.526316,0.118781,0.350298,5.946172,0.769766,0,0,0,0,0,1,0,0
10040477,C0549622,Sexual dysfunction,PT,10058097,C0025517,Metabolic disorder,PT,0.770302,3.465736,0.869565,0.555556,0.15839,0.429483,5.946172,0.809359,0,0,0,0,0,1,0,0
10040477,C0549622,Sexual dysfunction,PT,10084997,C4511668,Persistent complex bereavement disorder,PT,0.908522,3.178054,0.846154,0.758621,0.272158,0.59931,10.192489,1.318904,0,0,0,0,0,1,0,0
10040477,C0549622,Sexual dysfunction,PT,10086100,C0340007,Catamenial pneumothorax,PT,0.450762,3.178054,0.833333,0.555556,0.118474,0.34963,5.946172,0.769432,0,0,0,0,0,1,0,0
10040477,C0549622,Sexual dysfunction,PT,10085233,C0085271,Self-destructive behaviour,PT,1.023196,2.95491,0.814815,0.758621,0.297324,0.628601,10.192489,1.333549,0,0,0,0,0,1,0,0
10040477,C0549622,Sexual dysfunction,PT,10011469,C0010399,Crying,PT,0.921347,2.95491,0.814815,0.709677,0.274894,0.602613,10.192489,1.320555,0,0,0,0,0,1,0,0
10040477,C0549622,Sexual dysfunction,PT,10023461,C0022734,Kleptomania,PT,0.908522,3.178054,0.846154,0.564103,0.272158,0.59931,10.192489,1.318904,0,0,0,0,0,1,0,0
10040477,C0549622,Sexual dysfunction,PT,10087125,C5577947,Pregnenolone deficiency,PT,1.158817,3.465736,0.769231,0.263158,0.362428,0.694545,11.812139,1.528486,0,0,0,0,0,0,0,0
10040477,C0549622,Sexual dysfunction,PT,10086745,C0002445,Amoeboma,PT,0.451805,3.465736,0.869565,0.47619,0.118588,0.349878,5.946172,0.769556,0,0,0,0,0,1,0,0
10040477,C0549622,Sexual dysfunction,PT,10019191,C0018672,Head banging,PT,0.918698,2.95491,0.814815,0.733333,0.274328,0.601931,10.192489,1.320214,0,0,0,0,0,1,0,0
10040477,C0549622,Sexual dysfunction,PT,10019070,C0233762,"Hallucination, auditory",PT,0.923189,2.95491,0.814815,0.733333,0.275289,0.603087,10.192489,1.320792,0,0,0,0,0,1,0,0
10040477,C0549622,Sexual dysfunction,PT,10071083,C0342387,Luteinising hormone deficiency,PT,1.158817,3.465736,0.769231,0.25,0.362428,0.694545,11.812139,1.528486,0,0,0,0,0,1,0,0
10040477,C0549622,Sexual dysfunction,PT,10006322,C0235744,Breath holding,PT,1.003887,2.95491,0.814815,0.758621,0.292977,0.62371,10.192489,1.331104,0,0,0,0,0,1,0,0
10040477,C0549622,Sexual dysfunction,PT,10056303,C0233973,Painful erection,PT,2.408876,3.465736,0.903226,0.717949,0.778083,0.933443,15.869213,2.053643,0,0,1,0,1,1,1,1
10040477,C0549622,Sexual dysfunction,PT,10086592,C0036899,Sexual abstinence,PT,0.71608,3.178054,0.846154,0.785714,0.202004,0.503119,8.471779,1.098737,0,0,0,0,0,1,0,0
10040477,C0549622,Sexual dysfunction,PT,10071198,C1959797,Allergic hepatitis,PT,0.450762,3.178054,0.833333,0.47619,0.118474,0.34963,5.946172,0.769432,0,0,0,0,0,1,0,0
10040477,C0549622,Sexual dysfunction,PT,10033361,C0030764,Paedophilia,PT,2.477437,3.178054,0.875,0.848485,0.794937,0.939417,15.869213,2.05663,0,0,0,0,0,1,0,0
10040477,C0549622,Sexual dysfunction,PT,10058084,C0034013,Precocious puberty,PT,1.201318,3.465736,0.769231,0.27027,0.373284,0.704359,11.812139,1.533393,0,0,0,0,0,1,0,0
10040477,C0549622,Sexual dysfunction,PT,10086731,C1330966,Developmental disorder of scholastic skills,PT,1.117078,3.178054,0.846154,0.628571,0.319084,0.652106,10.192489,1.345302,0,0,0,0,0,1,0,0
10040477,C0549622,Sexual dysfunction,PT,10089760,C0162790,Sexual harassment,PT,1.529909,2.95491,0.827586,0.75,0.496477,0.797736,13.525496,1.751418,0,0,0,0,0,1,0,0
10040477,C0549622,Sexual dysfunction,PT,10089277,C1847967,Ovarioleukodystrophy,PT,1.158817,2.95491,0.8,0.465116,0.362428,0.694545,11.812139,1.528486,0,0,0,0,0,1,0,0
10040477,C0549622,Sexual dysfunction,PT,10089232,C5848632,Progesterone deficiency,PT,1.158817,3.465736,0.769231,0.27027,0.362428,0.694545,11.812139,1.528486,0,0,1,0,0,0,0,1
10040477,C0549622,Sexual dysfunction,PT,10034912,C0349231,Phobia,PT,1.055532,3.178054,0.846154,0.709677,0.304702,0.636751,10.192489,1.337624,0,0,0,0,0,1,0,0
10040477,C0549622,Sexual dysfunction,PT,10027951,C0085633,Mood swings,PT,0.933981,2.95491,0.814815,0.758621,0.27761,0.60586,10.192489,1.322179,0,0,0,0,0,1,0,0
10040477,C0549622,Sexual dysfunction,PT,10054720,C0684321,Regressive behaviour,PT,0.922943,2.95491,0.814815,0.758621,0.275237,0.603024,10.192489,1.320761,0,0,0,0,0,1,0,0
10040477,C0549622,Sexual dysfunction,PT,10001497,C0085631,Agitation,PT,0.918611,2.95491,0.814815,0.709677,0.274309,0.601909,10.192489,1.320203,0,0,0,0,0,1,0,0
10040477,C0549622,Sexual dysfunction,PT,10052542,C0948428,Excessive sexual fantasies,PT,2.405022,3.178054,0.875,0.875,0.777122,0.933097,15.869213,2.05347,0,0,0,0,0,0,0,0
10040477,C0549622,Sexual dysfunction,PT,10024870,C2981158,Loss of libido,PT,2.405022,3.178054,0.875,0.875,0.777122,0.933097,15.869213,2.05347,0,1,1,0,0,1,1,1
10040477,C0549622,Sexual dysfunction,PT,10059013,C0233931,Nocturnal emission,PT,1.516719,3.178054,0.857143,0.8,0.492703,0.795289,13.525496,1.750194,0,0,0,0,1,1,0,1
10040477,C0549622,Sexual dysfunction,PT,10026749,C0338831,Mania,PT,0.945601,3.178054,0.846154,0.611111,0.280124,0.608842,10.192489,1.32367,0,0,0,0,0,1,0,0
10040477,C0549622,Sexual dysfunction,PT,10053195,C0948981,"Delusional disorder, persecutory type",PT,0.908522,3.178054,0.846154,0.758621,0.272158,0.59931,10.192489,1.318904,0,0,0,0,0,0,0,0
10040477,C0549622,Sexual dysfunction,PT,10023044,C0019304,Ischiatic hernia,PT,0.459036,3.178054,0.833333,0.555556,0.119381,0.3516,5.946172,0.770417,0,0,0,0,0,1,0,0
10040477,C0549622,Sexual dysfunction,PT,10069713,C4551720,Primary ciliary dyskinesia,PT,1.158817,3.465736,0.769231,0.232558,0.362428,0.694545,11.812139,1.528486,0,0,0,0,0,1,0,0
10040477,C0549622,Sexual dysfunction,PT,10018724,C0018235,Grief reaction,PT,0.938667,3.178054,0.846154,0.758621,0.278622,0.607063,10.192489,1.32278,0,0,0,0,0,1,0,0
10040477,C0549622,Sexual dysfunction,PT,10058114,C1141936,Purple glove syndrome,PT,0.450762,3.465736,0.869565,0.487805,0.118474,0.34963,5.946172,0.769432,0,0,0,0,0,1,0,0
10040477,C0549622,Sexual dysfunction,PT,10024242,C0023370,Leriche syndrome,PT,1.083576,2.95491,0.8,0.526316,0.334913,0.668243,11.360213,1.470143,0,0,0,0,0,1,0,0
10040477,C0549622,Sexual dysfunction,PT,10002261,C0342527,Androgen deficiency,PT,1.1597,2.95491,0.666667,0.217391,0.362652,0.69475,11.812139,1.528589,0,0,0,0,0,1,0,0
10040477,C0549622,Sexual dysfunction,PT,10063630,C0560637,Genital injury,PT,0.758822,3.178054,0.846154,0.647059,0.192887,0.488736,7.643425,1.008711,0,0,0,0,0,1,0,0
10040477,C0549622,Sexual dysfunction,PT,10076661,C0008701,Chronic tic disorder,PT,0.908522,3.178054,0.846154,0.564103,0.272158,0.59931,10.192489,1.318904,0,0,0,0,0,1,0,0
10040477,C0549622,Sexual dysfunction,PT,10063546,C0522182,Nosophobia,PT,0.952819,2.95491,0.814815,0.6875,0.281693,0.610691,10.192489,1.324594,0,0,0,0,0,1,0,0
10040477,C0549622,Sexual dysfunction,PT,10063689,C0340037,Young's syndrome,PT,1.082452,2.95491,0.615385,0.25,0.334641,0.667972,11.360213,1.470007,0,0,0,0,0,1,0,0
10040477,C0549622,Sexual dysfunction,PT,10016467,C0520926,Fertility increased,PT,1.158817,3.465736,0.769231,0.27027,0.362428,0.694545,11.812139,1.528486,0,0,0,0,0,1,0,0
10040477,C0549622,Sexual dysfunction,PT,10021928,C0021361,Infertility female,PT,1.227566,3.465736,0.769231,0.294118,0.380077,0.710348,11.812139,1.536388,0,0,0,1,1,1,0,1
10040477,C0549622,Sexual dysfunction,PT,10021010,C0271578,Hypogonadism female,PT,1.182412,3.178054,0.714286,0.263158,0.368433,0.70001,11.812139,1.531219,0,0,0,0,0,1,1,0
10040477,C0549622,Sexual dysfunction,PT,10001084,C0236816,Acute stress disorder,PT,0.927544,3.178054,0.846154,0.709677,0.276224,0.604207,10.192489,1.321352,0,0,0,0,0,1,0,0
10040477,C0549622,Sexual dysfunction,PT,10085881,C0395797,"Ear, nose and throat disorder",PT,0.856435,3.465736,0.869565,0.740741,0.171021,0.452118,5.946172,0.820676,0,0,0,0,0,1,0,0
10040477,C0549622,Sexual dysfunction,PT,10085706,C5554006,Cabin fever,PT,0.908522,3.178054,0.846154,0.758621,0.272158,0.59931,10.192489,1.318904,0,0,0,0,0,0,0,0
10040477,C0549622,Sexual dysfunction,PT,10086276,C0494949,Multifocal fibrosclerosis,PT,0.450762,3.178054,0.833333,0.588235,0.118474,0.34963,5.946172,0.769432,0,0,0,0,0,1,0,0
10040477,C0549622,Sexual dysfunction,PT,10014552,C0349336,Emotional disorder of childhood,PT,0.971514,3.465736,0.88,0.814815,0.285788,0.61547,10.192489,1.326984,0,0,0,0,0,1,0,0
10040477,C0549622,Sexual dysfunction,PT,10034719,C0240735,Personality change,PT,0.919935,3.178054,0.846154,0.709677,0.274592,0.60225,10.192489,1.320374,0,0,0,0,0,1,0,0
10040477,C0549622,Sexual dysfunction,PT,10063817,C0567209,Cervix oedema,PT,0.609535,3.178054,0.846154,0.578947,0.169485,0.449427,7.643425,0.989056,0,0,0,0,0,1,0,0
10040477,C0549622,Sexual dysfunction,PT,10085924,C0029877,Ear inflammation,PT,0.552308,3.178054,0.833333,0.625,0.130044,0.374192,5.946172,0.781713,0,0,0,0,0,1,0,0
10040477,C0549622,Sexual dysfunction,PT,10002647,C0497397,Anorexia and bulimia syndrome,PT,0.956972,2.95491,0.814815,0.733333,0.2826,0.611754,10.192489,1.325126,0,0,0,0,0,0,0,0
10040477,C0549622,Sexual dysfunction,PT,10063779,C1504449,Implant site erythema,PT,0.450762,3.465736,0.869565,0.512821,0.118474,0.34963,5.946172,0.769432,0,0,0,0,0,1,0,0
10040477,C0549622,Sexual dysfunction,PT,10043318,C1384582,Testicular failure primary,PT,1.159707,3.178054,0.714286,0.217391,0.362653,0.694751,11.812139,1.528589,0,0,0,0,0,1,1,0
10040477,C0549622,Sexual dysfunction,PT,10061366,C0263978,Soft tissue disorder,PT,1.078459,3.465736,0.869565,0.740741,0.207677,0.511825,5.946172,0.85053,0,0,0,0,0,1,0,0
10040477,C0549622,Sexual dysfunction,PT,10070563,C2938917,Cerebellar mutism,PT,0.908522,3.178054,0.846154,0.709677,0.272158,0.59931,10.192489,1.318904,0,0,0,0,0,0,0,0
10040477,C0549622,Sexual dysfunction,PT,10021567,C0021125,Impulsive behaviour,PT,0.908522,3.178054,0.846154,0.564103,0.272158,0.59931,10.192489,1.318904,0,0,0,0,0,0,0,0
10040477,C0549622,Sexual dysfunction,PT,10003983,C0263888,Back disorder,PT,0.718024,3.465736,0.869565,0.571429,0.151132,0.415942,5.946172,0.802588,0,0,0,0,0,1,0,0
10040477,C0549622,Sexual dysfunction,PT,10012271,C0002395,Dementia Alzheimer's type,PT,0.942081,2.95491,0.814815,0.578947,0.27936,0.607939,10.192489,1.323218,0,0,0,0,0,1,0,0
10040477,C0549622,Sexual dysfunction,PT,10027940,C0085633,Mood altered,PT,0.933981,2.95491,0.814815,0.758621,0.27761,0.60586,10.192489,1.322179,0,0,0,0,0,1,0,0
10040477,C0549622,Sexual dysfunction,PT,10061920,C0033975,Psychotic disorder,PT,1.143319,3.465736,0.88,0.758621,0.325349,0.658586,10.192489,1.348542,0,0,0,0,0,1,0,0
10040477,C0549622,Sexual dysfunction,PT,10035001,C0031873,Pica,PT,0.912115,3.178054,0.846154,0.733333,0.272923,0.600236,10.192489,1.319367,0,0,0,0,0,1,0,0
10040477,C0549622,Sexual dysfunction,PT,10061910,C0030508,Parasomnia,PT,0.958309,3.178054,0.846154,0.611111,0.282892,0.612096,10.192489,1.325297,0,0,0,0,0,1,0,0
10040477,C0549622,Sexual dysfunction,PT,10034721,C0031212,Personality disorder,PT,1.074365,3.465736,0.88,0.758621,0.309056,0.641472,10.192489,1.339985,0,0,0,0,0,1,0,0
10040477,C0549622,Sexual dysfunction,PT,10048592,C0026857,Musculoskeletal disorder,PT,1.069332,3.178054,0.833333,0.714286,0.206048,0.509344,5.946172,0.849289,0,0,0,0,0,1,0,0
10040477,C0549622,Sexual dysfunction,PT,10002649,C0003125,Anorexia nervosa,PT,0.934448,3.178054,0.846154,0.709677,0.27771,0.60598,10.192489,1.322239,0,0,0,0,0,1,0,0
10040477,C0549622,Sexual dysfunction,PT,10061979,C0239725,Genital pain,PT,0.409898,2.618438,0.461538,0.285714,0.105817,0.321277,5.463975,0.707036,0,0,1,0,0,0,0,1
10040477,C0549622,Sexual dysfunction,PT,10016215,C0577730,Family stress,PT,0.928287,2.772589,0.785714,0.733333,0.276384,0.604398,10.192489,1.321448,0,0,0,0,0,1,0,0
10040477,C0549622,Sexual dysfunction,PT,10061046,C0009460,Communication disorder,PT,1.185801,3.465736,0.88,0.814815,0.335659,0.668984,10.192489,1.353741,0,0,0,0,0,1,0,0
10040477,C0549622,Sexual dysfunction,PT,10002034,C0002871,Anaemia,PT,0.577905,3.465736,0.869565,0.588235,0.133118,0.380512,5.946172,0.784873,0,0,0,0,0,1,0,0
10040477,C0549622,Sexual dysfunction,PT,10061422,C0233514,Abnormal behaviour,PT,1.002362,2.95491,0.814815,0.758621,0.292636,0.623323,10.192489,1.33091,0,0,0,0,0,1,0,0
10040477,C0549622,Sexual dysfunction,PT,10044034,C0040435,Tooth disorder,PT,0.623743,3.178054,0.833333,0.571429,0.138787,0.391953,5.946172,0.790594,0,0,0,0,0,1,0,0
10040477,C0549622,Sexual dysfunction,PT,10018075,C0270549,Generalised anxiety disorder,PT,0.908522,3.178054,0.846154,0.709677,0.272158,0.59931,10.192489,1.318904,0,0,0,0,0,1,0,0
10040477,C0549622,Sexual dysfunction,PT,10046823,C0151998,Uterine spasm,PT,0.609535,3.178054,0.846154,0.564103,0.169485,0.449427,7.643425,0.989056,0,0,0,0,0,1,0,0
10040477,C0549622,Sexual dysfunction,PT,10001949,C0002622,Amnesia,PT,0.921559,2.95491,0.814815,0.6875,0.27494,0.602668,10.192489,1.320583,0,0,0,0,0,1,0,0
10040477,C0549622,Sexual dysfunction,PT,10041633,C0037997,Spleen disorder,PT,0.521258,3.178054,0.833333,0.526316,0.126402,0.366593,5.946172,0.777914,0,0,0,0,0,1,0,0
10040477,C0549622,Sexual dysfunction,PT,10035132,C0032045,Placental disorder,PT,0.518253,3.465736,0.869565,0.555556,0.126054,0.365861,5.946172,0.777548,0,0,0,0,0,1,0,0
10040477,C0549622,Sexual dysfunction,PT,10046694,C0080276,Urogenital disorder,PT,0.929731,3.178054,0.833333,0.645161,0.182452,0.471648,5.946172,0.830441,0,0,0,0,0,1,0,0
10040477,C0549622,Sexual dysfunction,PT,10028934,C0021290,Neonatal disorder,PT,0.676308,3.465736,0.869565,0.588235,0.145553,0.405255,5.946172,0.797245,0,0,0,0,0,1,0,0
10040477,C0549622,Sexual dysfunction,PT,10028035,C0026650,Movement disorder,PT,0.699042,3.465736,0.869565,0.588235,0.14857,0.411065,5.946172,0.80015,0,0,0,0,0,1,0,0
10040477,C0549622,Sexual dysfunction,PT,10028300,C0026848,Muscle disorder,PT,0.787888,3.465736,0.869565,0.666667,0.1609,0.434074,5.946172,0.811654,0,0,0,0,0,1,0,0
10040477,C0549622,Sexual dysfunction,PT,10014326,C0235969,Ejaculation disorder,PT,1.08469,2.95491,0.615385,0.222222,0.335183,0.668512,11.360213,1.470277,0,1,1,0,1,1,1,1
10040477,C0549622,Sexual dysfunction,PT,10068912,C2609096,Genital hypoaesthesia,PT,0.450762,2.618438,0.740741,0.645161,0.118474,0.34963,5.946172,0.769432,0,0,1,0,0,0,1,1
10040477,C0549622,Sexual dysfunction,PT,10064919,C1610638,Hypospermia,PT,1.082452,2.95491,0.615385,0.380952,0.334641,0.667972,11.360213,1.470007,0,0,0,0,1,0,0,1
10040477,C0549622,Sexual dysfunction,PT,10089745,C5849648,Sexual life impairment,PT,0.164598,2.618438,0.363636,0.190476,0.034305,0.124415,2.115938,0.273801,0,1,0,0,0,0,1,1
10040477,C0549622,Sexual dysfunction,PT,10007866,C0036899,Celibacy,PT,0.71608,3.178054,0.846154,0.785714,0.202004,0.503119,8.471779,1.098737,0,0,0,0,0,1,0,0
10040477,C0549622,Sexual dysfunction,PT,10013395,C0233407,Disorientation,PT,0.923347,2.95491,0.814815,0.611111,0.275323,0.603127,10.192489,1.320812,0,0,0,0,0,1,0,0
10040477,C0549622,Sexual dysfunction,PT,10013142,C0424296,Disinhibition,PT,0.957881,2.95491,0.814815,0.758621,0.282798,0.611987,10.192489,1.325242,0,0,0,0,0,1,0,0
10040477,C0549622,Sexual dysfunction,PT,10083212,C0549175,Fibromatosis colli of infancy,PT,0.450762,3.178054,0.833333,0.512821,0.118474,0.34963,5.946172,0.769432,0,0,0,0,0,1,0,0
10040477,C0549622,Sexual dysfunction,PT,10048439,C0016053,Fibromyalgia,PT,0.461047,3.465736,0.869565,0.540541,0.119602,0.352079,5.946172,0.770657,0,0,0,0,0,1,0,0
10040477,C0549622,Sexual dysfunction,PT,10014328,C0278106,Ejaculation failure,PT,1.519577,3.178054,0.857143,0.648649,0.49352,0.79582,13.525496,1.75046,0,1,1,0,1,1,1,1
10040477,C0549622,Sexual dysfunction,PT,10003062,C0003635,Apraxia,PT,0.941324,2.95491,0.814815,0.647059,0.279196,0.607745,10.192489,1.323121,0,0,0,0,0,1,0,0
10040477,C0549622,Sexual dysfunction,PT,10039917,C0236818,Selective mutism,PT,0.909676,3.178054,0.846154,0.666667,0.272403,0.599608,10.192489,1.319053,0,0,0,0,0,1,0,0
10040477,C0549622,Sexual dysfunction,PT,10067989,C3714756,Intellectual disability,PT,1.154154,3.178054,0.846154,0.628571,0.327959,0.661249,10.192489,1.349873,0,0,0,0,0,1,0,0
10040477,C0549622,Sexual dysfunction,PT,10077320,C0342548,Premature menarche,PT,1.516719,3.178054,0.857143,0.648649,0.492703,0.795289,13.525496,1.750194,0,0,0,0,0,1,0,0
10040477,C0549622,Sexual dysfunction,PT,10011875,C4082305,Deaf mutism,PT,0.911179,3.178054,0.846154,0.647059,0.272723,0.599995,10.192489,1.319246,0,0,0,0,0,1,0,0
10040477,C0549622,Sexual dysfunction,PT,10068968,C0338451,Frontotemporal dementia,PT,0.923347,2.95491,0.814815,0.564103,0.275323,0.603127,10.192489,1.320812,0,0,0,0,0,1,0,0
10040477,C0549622,Sexual dysfunction,PT,10010305,C0009676,Confusional state,PT,0.971109,3.178054,0.846154,0.628571,0.285699,0.615367,10.192489,1.326932,0,0,0,0,0,1,0,0
10040477,C0549622,Sexual dysfunction,PT,10011903,C0273489,Deafness traumatic,PT,0.45318,3.178054,0.833333,0.606061,0.118738,0.350205,5.946172,0.76972,0,0,0,0,0,1,0,0
10040477,C0549622,Sexual dysfunction,PT,10083622,C1263846,Attention deficit hyperactivity disorder,PT,0.930025,3.465736,0.88,0.578947,0.276757,0.604844,10.192489,1.321671,0,0,0,0,0,1,0,0
10040477,C0549622,Sexual dysfunction,PT,10067947,C0679145,Compulsive sexual behaviour,PT,2.405022,3.178054,0.875,0.875,0.777122,0.933097,15.869213,2.05347,0,0,0,0,0,0,0,0
10040477,C0549622,Sexual dysfunction,PT,10077709,C0035372,Rett syndrome,PT,0.908522,3.178054,0.846154,0.536585,0.272158,0.59931,10.192489,1.318904,0,0,0,0,0,1,0,0
10040477,C0549622,Sexual dysfunction,PT,10077804,C4087263,Persistent depressive disorder,PT,0.908522,3.178054,0.846154,0.611111,0.272158,0.59931,10.192489,1.318904,0,0,0,0,0,1,0,0
10040477,C0549622,Sexual dysfunction,PT,10050208,C0403824,Teratospermia,PT,0.321148,3.178054,0.75,0.333333,0.078883,0.25515,4.336973,0.561272,0,0,0,0,1,1,0,1
10040477,C0549622,Sexual dysfunction,PT,10011953,C0086439,Decreased activity,PT,1.00934,2.95491,0.814815,0.709677,0.2942,0.625093,10.192489,1.331795,0,0,0,0,0,1,0,0
10040477,C0549622,Sexual dysfunction,PT,10050280,C0679136,Self esteem decreased,PT,0.922533,2.95491,0.814815,0.758621,0.275149,0.602918,10.192489,1.320708,0,0,0,0,0,1,0,0
10040477,C0549622,Sexual dysfunction,PT,10040102,C0262627,Seroma,PT,0.467875,3.465736,0.869565,0.769231,0.120356,0.35371,5.946172,0.771472,0,0,0,0,0,1,0,0
10040477,C0549622,Sexual dysfunction,PT,10027182,C0025274,Menarche,PT,1.527129,3.465736,0.888889,0.685714,0.495681,0.797221,13.525496,1.75116,0,0,0,0,0,1,0,0
10040477,C0549622,Sexual dysfunction,PT,10040045,C0003477,Separation anxiety disorder,PT,0.911228,3.178054,0.846154,0.709677,0.272734,0.600008,10.192489,1.319253,0,0,0,0,0,1,0,0
10040477,C0549622,Sexual dysfunction,PT,10013663,C1510472,Drug dependence,PT,0.533839,3.465736,0.869565,0.526316,0.127866,0.369663,5.946172,0.779449,0,0,0,0,0,1,0,0
10040477,C0549622,Sexual dysfunction,PT,10033670,C0030318,Panic reaction,PT,0.963142,2.95491,0.814815,0.733333,0.283949,0.613332,10.192489,1.325915,0,0,0,0,0,1,0,0
10040477,C0549622,Sexual dysfunction,PT,10078087,C4087327,Genito-pelvic pain/penetration disorder,PT,2.035182,3.465736,0.896552,0.896552,0.669177,0.890002,15.136285,1.95863,0,1,1,0,0,0,1,1
10040477,C0549622,Sexual dysfunction,PT,10078076,C4087321,Somatic symptom disorder,PT,1.036506,3.178054,0.846154,0.785714,0.300346,0.631962,10.192489,1.33523,0,0,0,0,0,1,0,0
10040477,C0549622,Sexual dysfunction,PT,10077624,C0021171,Bloch-Sulzberger syndrome,PT,0.450762,3.178054,0.833333,0.465116,0.118474,0.34963,5.946172,0.769432,0,0,0,0,0,1,0,0
10040477,C0549622,Sexual dysfunction,PT,10077802,C4065471,Disruptive mood dysregulation disorder,PT,0.908522,3.178054,0.846154,0.628571,0.272158,0.59931,10.192489,1.318904,0,0,0,0,0,1,0,0
10040477,C0549622,Sexual dysfunction,PT,10073420,C3544135,Genital paraesthesia,PT,0.450762,2.618438,0.740741,0.645161,0.118474,0.34963,5.946172,0.769432,0,0,1,0,0,0,0,1
10040477,C0549622,Sexual dysfunction,PT,10051537,C0520676,Premenstrual dysphoric disorder,PT,0.451475,3.178054,0.833333,0.540541,0.118552,0.3498,5.946172,0.769517,0,0,0,0,0,1,1,0
10040477,C0549622,Sexual dysfunction,PT,10036173,C0236037,Poriomania,PT,0.908522,3.178054,0.846154,0.564103,0.272158,0.59931,10.192489,1.318904,0,0,0,0,0,0,0,0
10040477,C0549622,Sexual dysfunction,PT,10041242,C0031572,Social anxiety disorder,PT,0.918198,3.178054,0.846154,0.6875,0.274221,0.601803,10.192489,1.32015,0,0,0,0,0,1,0,0
10040477,C0549622,Sexual dysfunction,PT,10038733,C0035238,Respiratory tract malformation,PT,0.67584,3.178054,0.833333,0.689655,0.145492,0.405136,5.946172,0.797185,0,0,0,0,0,1,0,0
10040477,C0549622,Sexual dysfunction,PT,10020689,C0154209,Hyperoestrogenism,PT,1.158817,3.465736,0.769231,0.263158,0.362428,0.694545,11.812139,1.528486,0,0,0,0,0,1,1,0
10040477,C0549622,Sexual dysfunction,PT,10078966,C4324399,Persistent genital arousal disorder,PT,1.158817,3.465736,0.769231,0.322581,0.362428,0.694545,11.812139,1.528486,0,0,1,0,0,0,0,1
10040477,C0549622,Sexual dysfunction,PT,10079370,C0473318,Luteinising unruptured follicle syndrome,PT,1.158817,2.95491,0.814815,0.578947,0.362428,0.694545,11.812139,1.528486,0,0,0,0,0,1,0,0
10040477,C0549622,Sexual dysfunction,PT,10077244,C0424348,Defiant behaviour,PT,0.918967,2.95491,0.814815,0.758621,0.274385,0.602001,10.192489,1.320249,0,0,0,0,0,1,0,0
10040477,C0549622,Sexual dysfunction,PT,10077380,C0543888,Epileptic encephalopathy,PT,0.93652,2.95491,0.814815,0.611111,0.278158,0.606512,10.192489,1.322505,0,0,0,0,0,1,0,0
10040477,C0549622,Sexual dysfunction,PT,10037093,C0033777,Pruritus genital,PT,0.612247,3.178054,0.846154,0.564103,0.169888,0.450135,7.643425,0.98941,0,0,0,0,0,1,0,0
10040477,C0549622,Sexual dysfunction,PT,10030104,C0151604,Oedema genital,PT,0.615716,3.178054,0.846154,0.578947,0.170404,0.451039,7.643425,0.989862,0,0,0,0,0,1,0,0
10040477,C0549622,Sexual dysfunction,PT,10043315,C0151721,Testicular failure,PT,1.176721,3.178054,0.714286,0.227273,0.366979,0.698696,11.812139,1.530562,0,0,0,0,0,1,1,0
10040477,C0549622,Sexual dysfunction,PT,10052649,C0948896,Primary hypogonadism,PT,1.2107,3.465736,0.769231,0.263158,0.375704,0.706506,11.812139,1.534467,0,0,0,0,0,1,0,0
10040477,C0549622,Sexual dysfunction,PT,10014062,C0013473,Eating disorder,PT,1.051577,3.465736,0.88,0.785714,0.303793,0.635757,10.192489,1.337127,0,0,0,0,0,1,0,0
10040477,C0549622,Sexual dysfunction,PT,10044337,C0040765,Trans-sexualism,PT,0.918831,2.95491,0.814815,0.578947,0.274356,0.601965,10.192489,1.320231,0,0,0,0,0,1,0,0
10040477,C0549622,Sexual dysfunction,PT,10060374,C0392689,Hydraemia,PT,0.45137,3.465736,0.869565,0.5,0.118541,0.349775,5.946172,0.769505,0,0,0,0,0,1,0,0
10040477,C0549622,Sexual dysfunction,PT,10003050,C0234936,Application site oedema,PT,0.450762,3.178054,0.833333,0.540541,0.118474,0.34963,5.946172,0.769432,0,0,0,0,0,1,0,0
10040477,C0549622,Sexual dysfunction,PT,10003048,C0521493,Application site necrosis,PT,0.450762,3.178054,0.833333,0.625,0.118474,0.34963,5.946172,0.769432,0,0,0,0,0,1,0,0
10040477,C0549622,Sexual dysfunction,PT,10077803,C4019167,Speech sound disorder,PT,0.908522,3.178054,0.846154,0.785714,0.272158,0.59931,10.192489,1.318904,0,0,0,0,0,0,0,0
10040477,C0549622,Sexual dysfunction,PT,10002855,C0003467,Anxiety,PT,1.168951,2.95491,0.814815,0.758621,0.331545,0.664874,10.192489,1.351686,0,0,0,0,0,1,0,0
10040477,C0549622,Sexual dysfunction,PT,10002948,C0003537,Aphasia,PT,0.985173,2.95491,0.814815,0.666667,0.288806,0.618953,10.192489,1.328725,0,0,0,0,0,1,0,0
10040477,C0549622,Sexual dysfunction,PT,10002953,C0003564,Aphonia,PT,0.931115,3.178054,0.846154,0.709677,0.276992,0.605124,10.192489,1.321811,0,0,0,0,0,1,0,0
10040477,C0549622,Sexual dysfunction,PT,10053142,C0162809,Olfacto genital dysplasia,PT,1.159746,3.178054,0.833333,0.487805,0.362663,0.69476,11.812139,1.528594,0,0,0,0,0,1,0,0
10040477,C0549622,Sexual dysfunction,PT,10052449,C0948856,Orgasmic sensation decreased,PT,1.158817,3.465736,0.769231,0.344828,0.362428,0.694545,11.812139,1.528486,0,1,1,0,0,0,1,1
10040477,C0549622,Sexual dysfunction,PT,10052004,C0156309,Organic erectile dysfunction,PT,2.421369,3.465736,0.903226,0.736842,0.781186,0.934557,15.869213,2.0542,0,0,1,0,1,1,1,1
10040477,C0549622,Sexual dysfunction,PT,10061104,C0342257,Diabetic complication,PT,0.53535,3.465736,0.869565,0.454545,0.128043,0.370032,5.946172,0.779633,0,0,0,0,0,1,0,0
10040477,C0549622,Sexual dysfunction,PT,10033165,C0747102,Ovarian failure,PT,1.17981,3.178054,0.714286,0.25641,0.367768,0.69941,11.812139,1.530919,0,0,0,0,0,1,0,0
10040477,C0549622,Sexual dysfunction,PT,10028713,C0027404,Narcolepsy,PT,0.917745,2.95491,0.814815,0.578947,0.274124,0.601686,10.192489,1.320092,0,0,0,0,0,1,0,0
10040477,C0549622,Sexual dysfunction,PT,10079294,C0028960,Oligoasthenoteratozoospermia,PT,1.082452,2.95491,0.615385,0.380952,0.334641,0.667972,11.360213,1.470007,0,0,0,0,1,0,0,1
10040477,C0549622,Sexual dysfunction,PT,10049782,C0269106,Endosalpingiosis,PT,0.450762,3.465736,0.869565,0.555556,0.118474,0.34963,5.946172,0.769432,0,0,0,0,0,1,0,0
10040477,C0549622,Sexual dysfunction,PT,10043431,C0233632,Thinking abnormal,PT,0.99578,3.178054,0.846154,0.709677,0.291165,0.621651,10.192489,1.330074,0,0,0,0,0,1,0,0
10040477,C0549622,Sexual dysfunction,PT,10061040,C0338796,Childhood psychosis,PT,0.912728,3.178054,0.846154,0.758621,0.273053,0.600394,10.192489,1.319446,0,0,0,0,0,1,0,0
10040477,C0549622,Sexual dysfunction,PT,10030081,C0236036,Oculomucocutaneous syndrome,PT,0.609535,3.178054,0.846154,0.5,0.169485,0.449427,7.643425,0.989056,0,0,0,0,0,1,0,0
10040477,C0549622,Sexual dysfunction,PT,10052005,C0948238,Psychogenic erectile dysfunction,PT,2.405022,3.465736,0.903226,0.875,0.777122,0.933097,15.869213,2.05347,0,1,1,0,0,0,1,1
10040477,C0549622,Sexual dysfunction,PT,10057840,C1269683,Major depression,PT,0.968237,2.95491,0.814815,0.611111,0.285067,0.614634,10.192489,1.326566,0,0,0,0,0,1,0,0
10040477,C0549622,Sexual dysfunction,PT,10049941,C0340161,Mediastinal haematoma,PT,0.450762,3.178054,0.833333,0.555556,0.118474,0.34963,5.946172,0.769432,0,0,0,0,0,1,0,0
10040477,C0549622,Sexual dysfunction,PT,10057229,C0152099,Post cholecystectomy syndrome,PT,0.450762,3.178054,0.833333,0.588235,0.118474,0.34963,5.946172,0.769432,0,0,0,0,0,1,0,0
10040477,C0549622,Sexual dysfunction,PT,10022116,C3263723,Injury,PT,0.969509,3.465736,0.869565,0.740741,0.188928,0.482332,5.946172,0.835783,0,0,0,0,0,1,0,0
10040477,C0549622,Sexual dysfunction,PT,10075896,C3828442,Pubertal failure,PT,1.158817,3.465736,0.769231,0.27027,0.362428,0.694545,11.812139,1.528486,0,0,0,0,0,0,0,0
10040477,C0549622,Sexual dysfunction,PT,10052804,C0013220,Drug tolerance,PT,0.460135,3.465736,0.869565,0.740741,0.119501,0.351862,5.946172,0.770548,0,0,0,0,0,1,0,0
10040477,C0549622,Sexual dysfunction,PT,10059866,C0013203,Drug resistance,PT,0.490379,3.465736,0.869565,0.740741,0.122872,0.359112,5.946172,0.774173,0,0,0,0,0,1,0,0
10040477,C0549622,Sexual dysfunction,PT,10052364,C0948381,Semen discolouration,PT,1.082452,2.95491,0.615385,0.380952,0.334641,0.667972,11.360213,1.470007,0,0,0,0,1,0,0,1
10040477,C0549622,Sexual dysfunction,PT,10036069,C0395005,Polydipsia psychogenic,PT,0.908522,3.178054,0.846154,0.564103,0.272158,0.59931,10.192489,1.318904,0,0,0,0,0,1,0,0
10040477,C0549622,Sexual dysfunction,PT,10015493,C0040028,Essential thrombocythaemia,PT,0.451094,3.178054,0.833333,0.5,0.118511,0.349709,5.946172,0.769472,0,0,0,0,0,1,0,0
10040477,C0549622,Sexual dysfunction,PT,10044126,C0040517,Tourette's disorder,PT,0.909566,3.178054,0.846154,0.578947,0.27238,0.599579,10.192489,1.319038,0,0,0,0,0,1,0,0
10040477,C0549622,Sexual dysfunction,PT,10076760,C4049223,Clinomania,PT,0.908522,3.178054,0.846154,0.564103,0.272158,0.59931,10.192489,1.318904,0,0,0,0,0,0,0,0
10040477,C0549622,Sexual dysfunction,PT,10029898,C0028768,Obsessive-compulsive disorder,PT,1.017069,3.465736,0.88,0.709677,0.29594,0.627051,10.192489,1.332774,0,0,0,0,0,1,0,0
10040477,C0549622,Sexual dysfunction,PT,10041317,C0349746,Somatic delusion,PT,0.923841,2.95491,0.814815,0.733333,0.275429,0.603255,10.192489,1.320876,0,0,0,0,0,1,0,0
10040477,C0549622,Sexual dysfunction,PT,10021750,C0037769,Infantile spasms,PT,0.917399,2.95491,0.814815,0.594595,0.27405,0.601597,10.192489,1.320047,0,0,0,0,0,1,0,0
10040477,C0549622,Sexual dysfunction,PT,10075897,C3829579,Hyperprogesteronism,PT,1.158817,3.465736,0.769231,0.27027,0.362428,0.694545,11.812139,1.528486,0,0,0,0,0,0,1,0
10040477,C0549622,Sexual dysfunction,PT,10075903,C3831597,Adrenal androgen excess,PT,1.158817,3.465736,0.769231,0.263158,0.362428,0.694545,11.812139,1.528486,0,0,0,0,0,0,0,0
10040477,C0549622,Sexual dysfunction,PT,10020765,C0917799,Hypersomnia,PT,0.934337,2.95491,0.814815,0.611111,0.277686,0.605952,10.192489,1.322225,0,0,0,0,0,1,0,0
10040477,C0549622,Sexual dysfunction,PT,10077107,C2748388,Complication associated with device,PT,0.699072,3.465736,0.869565,0.689655,0.148575,0.411073,5.946172,0.800154,0,0,0,0,0,1,0,0
10040477,C0549622,Sexual dysfunction,PT,10036661,C0033117,Priapism,PT,1.091525,2.95491,0.615385,0.216216,0.336844,0.670159,11.360213,1.471101,0,0,0,0,1,1,0,1
10040477,C0549622,Sexual dysfunction,PT,10054064,C1096546,Congenital bowing of long bones,PT,0.455719,3.178054,0.833333,0.555556,0.119016,0.350809,5.946172,0.770022,0,0,0,0,0,1,0,0
10040477,C0549622,Sexual dysfunction,PT,10076311,C0008679,Chronic disease,PT,0.866461,3.465736,0.869565,0.769231,0.172547,0.454776,5.946172,0.822005,0,0,0,0,0,1,0,0
10040477,C0549622,Sexual dysfunction,PT,10053712,C0206085,Hypersomnia-bulimia syndrome,PT,0.908522,3.178054,0.846154,0.628571,0.272158,0.59931,10.192489,1.318904,0,0,0,0,0,1,0,0
10040477,C0549622,Sexual dysfunction,PT,10002820,C0233523,Antisocial behaviour,PT,0.934973,2.95491,0.814815,0.709677,0.277824,0.606115,10.192489,1.322306,0,0,0,0,0,1,0,0
10040477,C0549622,Sexual dysfunction,PT,10041247,C0424166,Social fear,PT,0.930362,2.95491,0.814815,0.709677,0.27683,0.604931,10.192489,1.321714,0,0,0,0,0,1,0,0
10040477,C0549622,Sexual dysfunction,PT,10070997,C0349464,Korsakoff's syndrome,PT,0.910676,3.178054,0.846154,0.511628,0.272616,0.599866,10.192489,1.319182,0,0,0,0,0,1,0,0
10040477,C0549622,Sexual dysfunction,PT,10074462,C0752156,Dural arteriovenous fistula,PT,0.451897,3.178054,0.833333,0.571429,0.118598,0.3499,5.946172,0.769567,0,0,0,0,0,1,0,0
10040477,C0549622,Sexual dysfunction,PT,10054834,C0564724,Hypergonadism,PT,1.167301,3.465736,0.769231,0.27027,0.36458,0.696515,11.812139,1.529471,0,0,0,0,0,1,0,0
10040477,C0549622,Sexual dysfunction,PT,10012258,C0424024,Delusional perception,PT,0.920687,2.95491,0.814815,0.733333,0.274753,0.602443,10.192489,1.32047,0,0,0,0,0,1,0,0
10040477,C0549622,Sexual dysfunction,PT,10033847,C0030455,Parametritis,PT,0.612186,3.178054,0.846154,0.5,0.169879,0.450119,7.643425,0.989402,0,0,0,0,0,1,0,0
10040477,C0549622,Sexual dysfunction,PT,10033864,C1456784,Paranoia,PT,0.912556,3.178054,0.846154,0.758621,0.273017,0.60035,10.192489,1.319424,0,0,0,0,0,1,0,0
10040477,C0549622,Sexual dysfunction,PT,10033888,C0030482,Paraphilia,PT,2.755437,3.465736,0.903226,0.903226,0.858542,0.960438,15.869213,2.06714,0,0,0,0,0,1,0,0
10040477,C0549622,Sexual dysfunction,PT,10028641,C0026848,Myopathy,PT,0.787888,3.465736,0.869565,0.666667,0.1609,0.434074,5.946172,0.811654,0,0,0,0,0,1,0,0
10040477,C0549622,Sexual dysfunction,PT,10012355,C0011548,Dependent personality disorder,PT,0.908522,3.178054,0.846154,0.733333,0.272158,0.59931,10.192489,1.318904,0,0,0,0,0,1,0,0
10040477,C0549622,Sexual dysfunction,PT,10026864,C0024862,Masochism,PT,1.975721,2.95491,0.827586,0.827586,0.65023,0.881461,14.991042,1.939835,0,0,0,0,0,1,0,0
10040477,C0549622,Sexual dysfunction,PT,10029901,C0009595,Obsessive-compulsive personality disorder,PT,0.989054,3.178054,0.846154,0.6875,0.289668,0.619941,10.192489,1.329219,0,0,0,0,0,1,0,0
10040477,C0549622,Sexual dysfunction,PT,10036049,C0032460,Polycystic ovaries,PT,1.159552,3.178054,0.714286,0.232558,0.362614,0.694715,11.812139,1.528571,0,0,0,0,0,1,0,0
10040477,C0549622,Sexual dysfunction,PT,10000125,C0234458,Abnormal dreams,PT,0.918081,2.95491,0.814815,0.578947,0.274196,0.601772,10.192489,1.320135,0,0,0,0,0,1,0,0
10040477,C0549622,Sexual dysfunction,PT,10039775,C0085159,Seasonal affective disorder,PT,0.910053,3.178054,0.846154,0.594595,0.272483,0.599705,10.192489,1.319101,0,0,0,0,0,1,0,0
10040477,C0549622,Sexual dysfunction,PT,10002859,C0236748,Anxiety disorder due to a general medical condition,PT,0.927242,3.178054,0.846154,0.628571,0.276159,0.604129,10.192489,1.321313,0,0,0,0,0,1,0,0
10040477,C0549622,Sexual dysfunction,PT,10015532,C0151721,Eunuchoidism,PT,1.176721,3.178054,0.714286,0.227273,0.366979,0.698696,11.812139,1.530562,0,0,0,0,0,1,0,0
10040477,C0549622,Sexual dysfunction,PT,10013461,C0236795,Dissociative amnesia,PT,0.912115,3.178054,0.846154,0.709677,0.272923,0.600236,10.192489,1.319367,0,0,0,0,0,1,0,0
10040477,C0549622,Sexual dysfunction,PT,10061215,C0021122,Impulse-control disorder,PT,0.937303,3.465736,0.88,0.578947,0.278327,0.606713,10.192489,1.322605,0,0,0,0,0,1,0,0
10040477,C0549622,Sexual dysfunction,PT,10078070,C0030662,Gambling disorder,PT,0.910846,3.178054,0.846154,0.564103,0.272652,0.599909,10.192489,1.319203,0,0,0,0,0,1,0,0
10040477,C0549622,Sexual dysfunction,PT,10061205,C0019247,Hereditary disorder,PT,0.891672,3.465736,0.869565,0.740741,0.176436,0.46148,5.946172,0.825357,0,0,0,0,0,1,0,0
10040477,C0549622,Sexual dysfunction,PT,10061284,C0004936,Mental disorder,PT,1.692906,3.871201,0.916667,0.846154,0.473059,0.782181,10.192489,1.410339,0,0,0,0,0,1,0,0
10040477,C0549622,Sexual dysfunction,PT,10060761,C0221005,Mauriac syndrome,PT,1.158817,3.465736,0.769231,0.25641,0.362428,0.694545,11.812139,1.528486,0,0,0,0,0,1,0,0
10040477,C0549622,Sexual dysfunction,PT,10065597,C0206081,Hyperandrogenism,PT,1.168538,3.465736,0.769231,0.263158,0.364895,0.696802,11.812139,1.529615,0,0,0,0,0,1,0,0
10040477,C0549622,Sexual dysfunction,PT,10065249,C0030271,Pancoast's syndrome,PT,0.450762,3.465736,0.869565,0.5,0.118474,0.34963,5.946172,0.769432,0,0,0,0,0,1,0,0
10040477,C0549622,Sexual dysfunction,PT,10078075,C0686346,Gender dysphoria,PT,1.983295,2.95491,0.827586,0.615385,0.652378,0.882447,14.991042,1.940328,0,0,0,0,0,1,0,0
10040477,C0549622,Sexual dysfunction,PT,10080836,C0338908,Mixed anxiety and depressive disorder,PT,0.908522,3.178054,0.846154,0.611111,0.272158,0.59931,10.192489,1.318904,0,0,0,0,0,1,0,0
10040477,C0549622,Sexual dysfunction,PT,10013468,C0026773,Dissociative identity disorder,PT,0.908522,3.178054,0.846154,0.709677,0.272158,0.59931,10.192489,1.318904,0,0,0,0,0,1,0,0
10040477,C0549622,Sexual dysfunction,PT,10061221,C0854382,Libido disorder,PT,1.158817,3.465736,0.769231,0.3125,0.362428,0.694545,11.812139,1.528486,0,0,1,0,0,0,1,1
10040477,C0549622,Sexual dysfunction,PT,10061265,C0023186,Learning disorder,PT,1.219645,3.178054,0.846154,0.785714,0.344019,0.677183,10.192489,1.35784,0,0,0,0,0,1,0,0
10040477,C0549622,Sexual dysfunction,PT,10016279,C0001818,Fear of open spaces,PT,0.948728,3.178054,0.846154,0.6875,0.280803,0.609643,10.192489,1.32407,0,0,0,0,0,1,0,0
10040477,C0549622,Sexual dysfunction,PT,10074557,C1321132,Spontaneous haemorrhage,PT,0.517951,3.465736,0.869565,0.555556,0.126019,0.365788,5.946172,0.777511,0,0,0,0,0,1,0,0
10040477,C0549622,Sexual dysfunction,PT,10078002,C1258666,Myxoid cyst,PT,0.53801,3.178054,0.833333,0.625,0.128355,0.370683,5.946172,0.779959,0,0,0,0,0,1,0,0
10040477,C0549622,Sexual dysfunction,PT,10015719,C0232100,Exsanguination,PT,0.451686,3.465736,0.869565,0.555556,0.118575,0.34985,5.946172,0.769542,0,0,0,0,0,1,0,0
10040477,C0549622,Sexual dysfunction,PT,10061978,C0744369,Genital lesion,PT,0.938735,3.178054,0.846154,0.666667,0.224603,0.536747,7.643425,1.032716,0,0,0,0,0,1,1,0
10040477,C0549622,Sexual dysfunction,PT,10010123,C0270595,Compensation neurosis,PT,0.908522,3.178054,0.846154,0.709677,0.272158,0.59931,10.192489,1.318904,0,0,0,0,0,1,0,0
10040477,C0549622,Sexual dysfunction,PT,10030300,C0028960,Oligospermia,PT,1.082452,2.95491,0.615385,0.380952,0.334641,0.667972,11.360213,1.470007,0,0,0,0,1,0,0,1
10040477,C0549622,Sexual dysfunction,PT,10074729,C0232980,Necrospermia,PT,0.320441,3.178054,0.75,0.413793,0.078829,0.255011,4.336973,0.561203,0,0,0,0,1,1,0,1
10040477,C0549622,Sexual dysfunction,PT,10074869,C0023015,Language disorder,PT,1.059788,3.178054,0.846154,0.709677,0.305683,0.637819,10.192489,1.338158,0,0,0,0,0,1,0,0
10040477,C0549622,Sexual dysfunction,PT,10004940,C0236788,Bipolar II disorder,PT,0.932593,2.95491,0.814815,0.611111,0.27731,0.605504,10.192489,1.322001,0,0,0,0,0,1,0,0
10040477,C0549622,Sexual dysfunction,PT,10073508,C3541994,Drug reaction with eosinophilia and systemic symptoms,PT,0.451847,3.465736,0.869565,0.5,0.118593,0.349888,5.946172,0.769561,0,0,0,0,0,1,0,0
10040477,C0549622,Sexual dysfunction,PT,10057671,C1112442,Female sexual dysfunction,PT,2.035182,3.465736,0.896552,0.896552,0.669177,0.890002,15.136285,1.95863,0,1,1,1,1,0,1,1
10040477,C0549622,Sexual dysfunction,PT,10039580,C2004491,Scar,PT,0.53122,3.465736,0.869565,0.571429,0.12756,0.369023,5.946172,0.779129,0,0,0,0,0,1,0,0
10040477,C0549622,Sexual dysfunction,PT,10057667,C0005586,Bipolar disorder,PT,1.016895,3.178054,0.846154,0.628571,0.295901,0.627007,10.192489,1.332752,0,0,0,0,0,1,0,0
10040477,C0549622,Sexual dysfunction,PT,10057668,C0009241,Cognitive disorder,PT,0.934621,2.95491,0.814815,0.647059,0.277748,0.606025,10.192489,1.322261,0,0,0,0,0,1,0,0
10040477,C0549622,Sexual dysfunction,PT,10060961,C0003621,Appetite disorder,PT,0.970891,2.95491,0.814815,0.733333,0.285651,0.615311,10.192489,1.326904,0,0,0,0,0,0,0,0
10040477,C0549622,Sexual dysfunction,PT,10006344,C0236845,Breathing-related sleep disorder,PT,0.93224,3.178054,0.846154,0.611111,0.277234,0.605413,10.192489,1.321955,0,0,0,0,0,1,0,0
10040477,C0549622,Sexual dysfunction,PT,10061613,C0855246,Abnormal sleep-related event,PT,0.930256,2.95491,0.814815,0.594595,0.276807,0.604904,10.192489,1.321701,0,0,0,0,0,0,0,0
10040477,C0549622,Sexual dysfunction,PT,10062494,C1262129,Necromania,PT,0.908522,3.178054,0.846154,0.564103,0.272158,0.59931,10.192489,1.318904,0,0,0,0,0,0,0,0
10040477,C0549622,Sexual dysfunction,PT,10070245,C0016542,Foreign body,PT,0.667746,3.465736,0.869565,0.689655,0.144432,0.403076,5.946172,0.796155,0,0,0,0,0,1,0,0
10040477,C0549622,Sexual dysfunction,PT,10019864,C0154893,Hereditary choroidal dystrophy,PT,0.456882,3.178054,0.833333,0.540541,0.119144,0.351087,5.946172,0.770161,0,0,0,0,0,1,0,0
10040477,C0549622,Sexual dysfunction,PT,10061469,C0034040,Postpartum disorder,PT,0.613682,3.465736,0.869565,0.645161,0.137524,0.389429,5.946172,0.789332,0,0,0,0,0,1,0,0
10040477,C0549622,Sexual dysfunction,PT,10015605,C0424410,Excessive masturbation,PT,2.405022,3.178054,0.875,0.875,0.777122,0.933097,15.869213,2.05347,0,0,0,0,0,1,0,0
10040477,C0549622,Sexual dysfunction,PT,10062080,C0549567,Pigmentation disorder,PT,0.698357,3.465736,0.869565,0.666667,0.148479,0.41089,5.946172,0.800062,0,0,0,0,0,1,0,0
10040477,C0549622,Sexual dysfunction,PT,10020082,C1261242,High risk sexual behaviour,PT,0.70769,3.178054,0.846154,0.733333,0.200575,0.500897,8.471779,1.097626,0,0,0,0,0,1,0,0
10040477,C0549622,Sexual dysfunction,PT,10059232,C0338658,Epileptic psychosis,PT,0.910477,3.178054,0.846154,0.611111,0.272574,0.599814,10.192489,1.319156,0,0,0,0,0,1,0,0
10040477,C0549622,Sexual dysfunction,PT,10000020,C0342474,"20,22-desmolase deficiency",PT,1.158817,2.95491,0.814815,0.511628,0.362428,0.694545,11.812139,1.528486,0,0,0,0,0,1,0,0
10040477,C0549622,Sexual dysfunction,PT,10040979,C0037315,Sleep apnoea syndrome,PT,0.927296,3.178054,0.846154,0.611111,0.276171,0.604143,10.192489,1.32132,0,0,0,0,0,1,0,0
10040477,C0549622,Sexual dysfunction,PT,10036419,C0520603,Postpartum neurosis,PT,0.908522,3.178054,0.846154,0.647059,0.272158,0.59931,10.192489,1.318904,0,0,0,0,0,1,0,0
10040477,C0549622,Sexual dysfunction,PT,10059594,C0271623,Secondary hypogonadism,PT,1.203548,3.178054,0.714286,0.25641,0.373859,0.70487,11.812139,1.533649,0,0,1,0,0,1,0,1
10040477,C0549622,Sexual dysfunction,PT,10087739,C3698134,Acquired deaf mutism,PT,0.908522,3.178054,0.846154,0.628571,0.272158,0.59931,10.192489,1.318904,0,0,0,0,0,1,0,0
10040477,C0549622,Sexual dysfunction,PT,10087893,C0525043,Reactive attachment disorder,PT,0.9144,3.178054,0.846154,0.628571,0.27341,0.600825,10.192489,1.319661,0,0,0,0,0,1,0,0
10040477,C0549622,Sexual dysfunction,PT,10053632,C0221075,Reactive psychosis,PT,0.929965,3.178054,0.846154,0.733333,0.276744,0.604829,10.192489,1.321663,0,0,0,0,0,1,0,0
10040477,C0549622,Sexual dysfunction,PT,10043268,C0233494,Tension,PT,0.945732,2.95491,0.814815,0.758621,0.280152,0.608875,10.192489,1.323686,0,0,0,0,0,1,0,0
10040477,C0549622,Sexual dysfunction,PT,10003495,C1704202,Aspermia,PT,1.082452,2.95491,0.615385,0.307692,0.334641,0.667972,11.360213,1.470007,0,0,0,0,1,1,0,1
10040477,C0549622,Sexual dysfunction,PT,10066887,C1868730,Genital discomfort,PT,0.409898,2.618438,0.461538,0.285714,0.105817,0.321277,5.463975,0.707036,0,0,1,0,0,0,0,1
10040477,C0549622,Sexual dysfunction,PT,10014146,C0001231,Ectopic ACTH syndrome,PT,0.451062,3.178054,0.833333,0.487805,0.118507,0.349702,5.946172,0.769468,0,0,0,0,0,1,0,0
10040477,C0549622,Sexual dysfunction,PT,10067162,C0403823,Asthenospermia,PT,1.082452,2.95491,0.615385,0.380952,0.334641,0.667972,11.360213,1.470007,0,0,0,0,1,0,0,1
10040477,C0549622,Sexual dysfunction,PT,10013496,C0233414,Disturbance in attention,PT,0.939239,2.95491,0.814815,0.709677,0.278745,0.60721,10.192489,1.322854,0,0,0,0,0,1,0,0
10040477,C0549622,Sexual dysfunction,PT,10040981,C0855247,Sleep attacks,PT,0.908522,3.178054,0.846154,0.611111,0.272158,0.59931,10.192489,1.318904,0,0,0,0,0,1,0,0
10040477,C0549622,Sexual dysfunction,PT,10019332,C0018839,Heat exhaustion,PT,0.452062,3.465736,0.869565,0.625,0.118616,0.349939,5.946172,0.769587,0,0,0,0,0,1,0,0
10040477,C0549622,Sexual dysfunction,PT,10006514,C0006325,Bruxism,PT,0.909377,3.465736,0.88,0.578947,0.27234,0.599531,10.192489,1.319014,0,0,0,0,0,1,0,0
10040477,C0549622,Sexual dysfunction,PT,10088354,C0086335,Ganser syndrome,PT,0.908522,3.178054,0.846154,0.709677,0.272158,0.59931,10.192489,1.318904,0,0,0,0,0,1,0,0
10040477,C0549622,Sexual dysfunction,PT,10012252,C0520677,"Delusional disorder, mixed type",PT,0.908522,3.178054,0.846154,0.758621,0.272158,0.59931,10.192489,1.318904,0,0,0,0,0,1,0,0
10040477,C0549622,Sexual dysfunction,PT,10056292,C0039585,Androgen insensitivity syndrome,PT,1.165784,3.178054,0.714286,0.238095,0.364195,0.696163,11.812139,1.529295,0,0,0,0,0,1,0,0
10040477,C0549622,Sexual dysfunction,PT,10078132,C0406568,MAGIC syndrome,PT,0.609535,3.178054,0.846154,0.511628,0.169485,0.449427,7.643425,0.989056,0,0,0,0,0,1,0,0
10040477,C0549622,Sexual dysfunction,PT,10001022,C0281774,Acute psychosis,PT,0.965887,3.178054,0.846154,0.733333,0.284551,0.614033,10.192489,1.326265,0,0,0,0,0,1,0,0
10040477,C0549622,Sexual dysfunction,PT,10057672,C0278097,Male sexual dysfunction,PT,2.426745,3.871201,0.933333,0.933333,0.782517,0.935032,15.869213,2.054437,0,1,1,1,1,1,1,1
10040477,C0549622,Sexual dysfunction,PT,10076702,C4049211,Secondary tic,PT,0.908522,3.178054,0.846154,0.578947,0.272158,0.59931,10.192489,1.318904,0,0,0,0,0,0,0,0
10040477,C0549622,Sexual dysfunction,PT,10066431,C0270707,Kluver-Bucy syndrome,PT,2.405022,3.178054,0.875,0.875,0.777122,0.933097,15.869213,2.05347,0,0,0,0,0,1,0,0
10040477,C0549622,Sexual dysfunction,PT,10037651,C0034215,Pyometra,PT,0.453097,3.178054,0.833333,0.526316,0.118729,0.350186,5.946172,0.76971,0,0,0,0,0,1,0,0
10040477,C0549622,Sexual dysfunction,PT,10038743,C3887611,Restlessness,PT,0.922735,2.95491,0.814815,0.709677,0.275192,0.60297,10.192489,1.320734,0,0,0,0,0,1,0,0
10040477,C0549622,Sexual dysfunction,PT,10076694,C4049209,Provisional tic disorder,PT,0.908522,3.178054,0.846154,0.578947,0.272158,0.59931,10.192489,1.318904,0,0,0,0,0,0,0,0
10040477,C0549622,Sexual dysfunction,PT,10008415,C0007965,Chediak-Higashi syndrome,PT,0.45109,3.178054,0.833333,0.408163,0.11851,0.349708,5.946172,0.769471,0,0,0,0,0,1,0,0
10040477,C0549622,Sexual dysfunction,PT,10061664,C0004364,Autoimmune disorder,PT,0.654286,3.465736,0.869565,0.540541,0.142683,0.399659,5.946172,0.794447,0,0,0,0,0,1,0,0
10040477,C0549622,Sexual dysfunction,PT,10047913,C0349464,Wernicke-Korsakoff syndrome,PT,0.910676,3.178054,0.846154,0.511628,0.272616,0.599866,10.192489,1.319182,0,0,0,0,0,1,0,0
10040477,C0549622,Sexual dysfunction,PT,10056264,C0233697,Obsessive rumination,PT,0.929894,2.95491,0.814815,0.733333,0.276729,0.604811,10.192489,1.321654,0,0,0,0,0,1,0,0
10040477,C0549622,Sexual dysfunction,PT,10031173,C0263661,Osteoarthropathy,PT,1.04219,2.95491,0.8,0.689655,0.201268,0.501976,5.946172,0.845605,0,0,0,0,0,1,0,0
10040477,C0549622,Sexual dysfunction,PT,10072058,C0031065,Perinephritis,PT,0.450762,3.178054,0.833333,0.526316,0.118474,0.34963,5.946172,0.769432,0,0,0,0,0,1,0,0
10040477,C0549622,Sexual dysfunction,PT,10082366,C4761177,Erotophonophilia,PT,1.975721,2.95491,0.827586,0.827586,0.65023,0.881461,14.991042,1.939835,0,0,0,0,0,0,1,0
10040477,C0549622,Sexual dysfunction,PT,10082430,C4761208,Post 5-alpha-reductase inhibitor syndrome,PT,1.158817,3.465736,0.769231,0.27027,0.362428,0.694545,11.812139,1.528486,0,0,1,0,0,0,0,1
10040477,C0549622,Sexual dysfunction,PT,10079943,C0729582,Floating-Harbor syndrome,PT,0.908522,3.178054,0.846154,0.564103,0.272158,0.59931,10.192489,1.318904,0,0,0,0,0,1,0,0
10040477,C0549622,Sexual dysfunction,PT,10020018,C0019421,Heterosexuality,PT,1.521696,2.95491,0.827586,0.8,0.494126,0.796214,13.525496,1.750657,0,0,0,0,0,1,0,0
10040477,C0549622,Sexual dysfunction,PT,10012205,C0034012,Delayed puberty,PT,1.170483,3.465736,0.769231,0.27027,0.36539,0.697252,11.812139,1.52984,0,0,0,0,0,1,1,0
10040477,C0549622,Sexual dysfunction,PT,10072353,C0278107,Painful ejaculation,PT,2.035182,3.465736,0.896552,0.684211,0.669177,0.890002,15.136285,1.95863,0,0,1,0,1,1,1,1
10040477,C0549622,Sexual dysfunction,PT,10072376,C0752208,Psychogenic movement disorder,PT,0.908522,3.465736,0.88,0.628571,0.272158,0.59931,10.192489,1.318904,0,0,0,0,0,1,0,0
10040477,C0549622,Sexual dysfunction,PT,10082004,C1960036,Psychophysiologic insomnia,PT,0.908522,3.178054,0.846154,0.594595,0.272158,0.59931,10.192489,1.318904,0,0,0,0,0,1,0,0
10040477,C0549622,Sexual dysfunction,PT,10003883,C0004509,Azoospermia,PT,0.328361,3.178054,0.75,0.342857,0.079429,0.256578,4.336973,0.561986,0,0,0,0,1,1,0,1
10040477,C0549622,Sexual dysfunction,PT,10079847,C0433654,Foreign body in respiratory tract,PT,0.498291,3.178054,0.833333,0.666667,0.123767,0.361022,5.946172,0.775128,0,0,0,0,0,1,0,0
10040477,C0549622,Sexual dysfunction,PT,10078366,C4284586,Perinatal depression,PT,0.917034,3.178054,0.846154,0.611111,0.273972,0.601503,10.192489,1.32,0,0,0,0,0,1,0,0
10040477,C0549622,Sexual dysfunction,PT,10062333,C0158687,Congenital genital malformation,PT,0.723557,3.178054,0.846154,0.564103,0.187127,0.479389,7.643425,1.004037,0,0,0,0,0,1,0,0
10040477,C0549622,Sexual dysfunction,PT,10012436,C1274184,Dermatitis artefacta,PT,0.91014,3.178054,0.846154,0.55,0.272502,0.599727,10.192489,1.319112,0,0,0,0,0,1,0,0
10040477,C0549622,Sexual dysfunction,PT,10080283,C0424424,Food refusal,PT,0.919252,2.95491,0.814815,0.709677,0.274446,0.602074,10.192489,1.320286,0,0,0,0,0,1,0,0
10040477,C0549622,Sexual dysfunction,PT,10053476,C0040797,Traumatic haemorrhage,PT,0.575794,3.465736,0.869565,0.555556,0.132862,0.379989,5.946172,0.784612,0,0,0,0,0,1,0,0
10040477,C0549622,Sexual dysfunction,PT,10072388,C2987469,Substance-induced psychotic disorder,PT,0.997004,3.178054,0.846154,0.611111,0.291438,0.621962,10.192489,1.33023,0,0,0,0,0,1,0,0
10040477,C0549622,Sexual dysfunction,PT,10024004,C0158987,Late metabolic acidosis of newborn,PT,0.450762,3.178054,0.833333,0.5,0.118474,0.34963,5.946172,0.769432,0,0,0,0,0,1,0,0
10040477,C0549622,Sexual dysfunction,PT,10071084,C0342386,Follicle stimulating hormone deficiency,PT,1.161912,3.465736,0.769231,0.25,0.363212,0.695264,11.812139,1.528846,0,0,0,0,0,1,0,0
10040477,C0549622,Sexual dysfunction,PT,10072752,C3495837,Trichotemnomania,PT,0.908522,3.178054,0.846154,0.564103,0.272158,0.59931,10.192489,1.318904,0,0,0,0,0,1,0,0
10040477,C0549622,Sexual dysfunction,PT,10066364,C0312420,Hypersexuality,PT,2.420784,3.178054,0.875,0.8,0.781041,0.934505,15.869213,2.054174,0,0,0,0,0,1,1,0
10040477,C0549622,Sexual dysfunction,PT,10066169,C0740858,Substance abuse,PT,0.729185,3.465736,0.869565,0.740741,0.152656,0.418819,5.946172,0.804027,0,0,0,0,0,1,0,0
10040477,C0549622,Sexual dysfunction,PT,10043833,C0040188,Tic,PT,0.944563,3.465736,0.88,0.594595,0.279898,0.608576,10.192489,1.323537,0,0,0,0,0,1,0,0
10040477,C0549622,Sexual dysfunction,PT,10060969,C0277343,Arthropod infestation,PT,0.576907,3.465736,0.869565,0.465116,0.132997,0.380265,5.946172,0.78475,0,0,0,0,0,1,0,0
10040477,C0549622,Sexual dysfunction,PT,10002954,C1442975,Aphonia psychogenic,PT,0.908522,3.178054,0.846154,0.594595,0.272158,0.59931,10.192489,1.318904,0,0,0,0,0,1,0,0
10040477,C0549622,Sexual dysfunction,PT,10012218,C0011206,Delirium,PT,0.949723,3.178054,0.846154,0.611111,0.281019,0.609898,10.192489,1.324198,0,0,0,0,0,1,0,0
10040477,C0549622,Sexual dysfunction,PT,10018150,C0019342,Genital herpes,PT,0.614969,3.178054,0.846154,0.52381,0.170293,0.450844,7.643425,0.989765,0,0,0,0,0,1,0,0
10040477,C0549622,Sexual dysfunction,PT,10067256,C0008055,Chikungunya virus infection,PT,0.450762,3.178054,0.833333,0.4,0.118474,0.34963,5.946172,0.769432,0,0,0,0,0,1,0,0
10040477,C0549622,Sexual dysfunction,PT,10058359,C0020619,Hypogonadism,PT,1.30866,3.465736,0.769231,0.27027,0.401476,0.72849,11.812139,1.545459,0,0,1,0,0,1,0,1
10040477,C0549622,Sexual dysfunction,PT,10021021,C0086439,Hypokinesia,PT,1.00934,2.95491,0.814815,0.709677,0.2942,0.625093,10.192489,1.331795,0,0,0,0,0,1,0,0
10040477,C0549622,Sexual dysfunction,PT,10012255,C0855264,"Delusional disorder, unspecified type",PT,0.908522,3.178054,0.846154,0.758621,0.272158,0.59931,10.192489,1.318904,0,0,0,0,0,0,0,0
10040477,C0549622,Sexual dysfunction,PT,10012251,C0855260,"Delusional disorder, jealous type",PT,0.908522,3.178054,0.846154,0.758621,0.272158,0.59931,10.192489,1.318904,0,0,0,0,0,0,0,0
10040477,C0549622,Sexual dysfunction,PT,10012250,C0855262,"Delusional disorder, grandiose type",PT,0.908522,3.178054,0.846154,0.758621,0.272158,0.59931,10.192489,1.318904,0,0,0,0,0,0,0,0
10040477,C0549622,Sexual dysfunction,PT,10012249,C0855261,"Delusional disorder, erotomanic type",PT,0.908522,3.178054,0.846154,0.758621,0.272158,0.59931,10.192489,1.318904,0,0,0,0,0,0,0,0
10040477,C0549622,Sexual dysfunction,PT,10014325,C0234047,Ejaculation delayed,PT,1.539657,3.178054,0.857143,0.8,0.499271,0.799533,13.525496,1.752316,0,0,1,0,1,1,1,1
10040477,C0549622,Sexual dysfunction,PT,10057777,C0265105,Vertebral artery thrombosis,PT,0.451439,3.178054,0.833333,0.454545,0.118548,0.349791,5.946172,0.769513,0,0,0,0,0,1,0,0
10040477,C0549622,Sexual dysfunction,PT,10081283,C1282614,Stockholm syndrome,PT,0.908522,3.465736,0.88,0.6875,0.272158,0.59931,10.192489,1.318904,0,0,0,0,0,1,0,0
10040477,C0549622,Sexual dysfunction,PT,10041493,C0520933,Spermatogenesis abnormal,PT,1.162979,3.178054,0.714286,0.285714,0.363483,0.695512,11.812139,1.52897,0,0,0,0,1,1,0,1
10040477,C0549622,Sexual dysfunction,PT,10031085,C0029261,Orgasm abnormal,PT,1.174798,3.465736,0.769231,0.322581,0.366489,0.698251,11.812139,1.530339,0,0,1,0,0,1,1,1
10040477,C0549622,Sexual dysfunction,PT,10063935,C0796004,Kabuki make-up syndrome,PT,0.450762,3.178054,0.833333,0.465116,0.118474,0.34963,5.946172,0.769432,0,0,0,0,0,1,0,0
10040477,C0549622,Sexual dysfunction,PT,10013976,C0003635,Dyspraxia,PT,0.941324,2.95491,0.814815,0.647059,0.279196,0.607745,10.192489,1.323121,0,0,0,0,0,1,0,0
10040477,C0549622,Sexual dysfunction,PT,10002243,C1442968,Anastomotic ulcer,PT,0.46191,3.178054,0.833333,0.588235,0.119697,0.352285,5.946172,0.77076,0,0,0,0,0,1,0,0
10040477,C0549622,Sexual dysfunction,PT,10013887,C0013362,Dysarthria,PT,0.937781,2.95491,0.814815,0.709677,0.27843,0.606836,10.192489,1.322667,0,0,0,0,0,1,0,0
10040477,C0549622,Sexual dysfunction,PT,10004395,C0154011,Benign neoplasm of scrotum,PT,0.451715,3.178054,0.833333,0.5,0.118578,0.349857,5.946172,0.769546,0,0,0,0,0,1,0,0
10040477,C0549622,Sexual dysfunction,PT,10045285,C0041582,Ulcer,PT,0.693136,3.465736,0.869565,0.769231,0.147781,0.409553,5.946172,0.799394,0,0,0,0,0,1,0,0
10040477,C0549622,Sexual dysfunction,PT,10047700,C0042963,Vomiting,PT,0.540697,3.465736,0.869565,0.625,0.128671,0.371341,5.946172,0.780288,0,0,0,0,0,1,0,0
10040477,C0549622,Sexual dysfunction,PT,10082379,C0342286,Woodhouse-Sakati syndrome,PT,1.158817,3.178054,0.833333,0.434783,0.362428,0.694545,11.812139,1.528486,0,0,0,0,0,1,0,0
10040477,C0549622,Sexual dysfunction,PT,10037549,C0034150,Purpura,PT,0.486303,3.465736,0.869565,0.540541,0.122412,0.358131,5.946172,0.773683,0,0,0,0,0,1,0,0
10040477,C0549622,Sexual dysfunction,PT,10061355,C0032343,Poisoning,PT,0.839226,3.465736,0.869565,0.769231,0.168429,0.447567,5.946172,0.818401,0,0,0,0,0,1,0,0
10040477,C0549622,Sexual dysfunction,PT,10039626,C0036341,Schizophrenia,PT,0.981346,3.178054,0.846154,0.733333,0.287958,0.617978,10.192489,1.328238,0,0,0,0,0,1,0,0
10040477,C0549622,Sexual dysfunction,PT,10082123,C4761052,Genital dysaesthesia,PT,0.450762,2.618438,0.740741,0.645161,0.118474,0.34963,5.946172,0.769432,0,0,1,0,0,0,0,1
10040477,C0549622,Sexual dysfunction,PT,10021926,C0021359,Infertility,PT,1.366118,3.465736,0.769231,0.333333,0.416995,0.741,11.812139,1.551714,0,0,0,1,1,1,0,1
10040477,C0549622,Sexual dysfunction,PT,10061228,C0023801,Lipomatosis,PT,0.473714,3.465736,0.869565,0.588235,0.121004,0.355108,5.946172,0.772171,0,0,0,0,0,1,0,0
10040477,C0549622,Sexual dysfunction,PT,10062037,C0023531,Leukoplakia,PT,0.469066,3.465736,0.869565,0.512821,0.120488,0.353995,5.946172,0.771615,0,0,0,0,0,1,0,0
10040477,C0549622,Sexual dysfunction,PT,10042209,C0038435,Stress,PT,0.931202,2.95491,0.814815,0.758621,0.277011,0.605147,10.192489,1.321822,0,0,0,0,0,1,0,0
10040477,C0549622,Sexual dysfunction,PT,10036631,C0011265,Presenile dementia,PT,0.925027,2.95491,0.814815,0.578947,0.275683,0.60356,10.192489,1.321029,0,0,0,0,0,1,0,0
10040477,C0549622,Sexual dysfunction,PT,10020751,C0020517,Hypersensitivity,PT,0.69897,3.465736,0.869565,0.512821,0.148561,0.411047,5.946172,0.800141,0,0,0,0,0,1,0,0
10040477,C0549622,Sexual dysfunction,PT,10028356,C0026850,Muscular dystrophy,PT,0.515508,3.178054,0.833333,0.571429,0.125737,0.365194,5.946172,0.777214,0,0,0,0,0,1,0,0
10040477,C0549622,Sexual dysfunction,PT,10029202,C0027765,Nervous system disorder,PT,0.993762,3.178054,0.833333,0.714286,0.192972,0.488872,5.946172,0.839053,0,0,0,0,0,1,0,0
10040477,C0549622,Sexual dysfunction,PT,10016952,C0016479,Food poisoning,PT,0.621379,3.465736,0.869565,0.666667,0.138489,0.391359,5.946172,0.790297,0,0,0,0,0,1,0,0
10040477,C0549622,Sexual dysfunction,PT,10033666,C0030319,Panic disorder,PT,0.954294,3.178054,0.846154,0.709677,0.282015,0.611069,10.192489,1.324783,0,0,0,0,0,1,0,0
10040477,C0549622,Sexual dysfunction,PT,10061857,C0015668,Fat necrosis,PT,0.458856,3.465736,0.869565,0.588235,0.119361,0.351557,5.946172,0.770396,0,0,0,0,0,1,0,0
10040477,C0549622,Sexual dysfunction,PT,10016946,C0016470,Food allergy,PT,0.502685,3.178054,0.833333,0.465116,0.124268,0.362084,5.946172,0.775659,0,0,0,0,0,1,0,0
10040477,C0549622,Sexual dysfunction,PT,10061630,C0302280,Adrenogenital syndrome,PT,1.180066,3.465736,0.769231,0.263158,0.367833,0.699469,11.812139,1.530948,0,0,0,0,0,1,0,0
10040477,C0549622,Sexual dysfunction,PT,10061621,C0001546,Adjustment disorder,PT,1.047101,3.465736,0.88,0.785714,0.302767,0.634631,10.192489,1.336564,0,0,0,0,0,1,0,0
10040477,C0549622,Sexual dysfunction,PT,10061423,C0002625,Amnestic disorder,PT,0.933868,3.178054,0.846154,0.628571,0.277585,0.605832,10.192489,1.322165,0,0,0,0,0,1,0,0
10040477,C0549622,Sexual dysfunction,PT,10037146,C0854258,Pseudoprecocious puberty,PT,1.158817,3.465736,0.769231,0.27027,0.362428,0.694545,11.812139,1.528486,0,0,0,0,0,0,0,0
10040477,C0549622,Sexual dysfunction,PT,10013952,C1527344,Dysphonia,PT,0.945046,2.95491,0.814815,0.709677,0.280003,0.608699,10.192489,1.323598,0,0,0,0,0,1,0,0
10040477,C0549622,Sexual dysfunction,PT,10017711,C0017086,Gangrene,PT,0.498383,3.465736,0.869565,0.571429,0.123778,0.361044,5.946172,0.775139,0,0,0,0,0,1,0,0
10040477,C0549622,Sexual dysfunction,PT,10016717,C0016169,Fistula,PT,0.603552,3.465736,0.869565,0.666667,0.136263,0.386895,5.946172,0.788065,0,0,0,0,0,1,0,0
10040477,C0549622,Sexual dysfunction,PT,10016275,C0015726,Fear,PT,1.057342,2.95491,0.814815,0.758621,0.305119,0.637205,10.192489,1.337851,0,0,0,0,0,1,0,0
10040477,C0549622,Sexual dysfunction,PT,10013941,C1384606,Dyspareunia,PT,2.07401,3.465736,0.896552,0.83871,0.680034,0.894752,15.136285,1.961005,0,0,1,1,1,1,1,1
10040477,C0549622,Sexual dysfunction,PT,10012267,C0497327,Dementia,PT,1.055532,3.178054,0.846154,0.611111,0.304702,0.636751,10.192489,1.337624,0,0,0,0,0,1,0,0
10040477,C0549622,Sexual dysfunction,PT,10037222,C0033953,Psychosexual disorder,PT,3.243347,3.871201,0.933333,0.933333,0.950127,0.987047,15.869213,2.080445,0,0,0,0,0,1,1,0
10040477,C0549622,Sexual dysfunction,PT,10003285,C0022408,Arthropathy,PT,1.009721,3.178054,0.833333,0.666667,0.195673,0.493183,5.946172,0.841209,0,0,0,0,0,1,0,0
10040477,C0549622,Sexual dysfunction,PT,10061595,C0015480,Factitious disorder,PT,0.950124,3.465736,0.88,0.758621,0.281107,0.610001,10.192489,1.324249,0,0,0,0,0,1,0,0
10040477,C0549622,Sexual dysfunction,PT,10000269,C0000833,Abscess,PT,0.543737,3.465736,0.869565,0.47619,0.129029,0.372087,5.946172,0.780661,0,0,0,0,0,1,0,0
10040477,C0549622,Sexual dysfunction,PT,10061529,C0032584,Polyp,PT,0.556591,3.465736,0.869565,0.645161,0.130554,0.375246,5.946172,0.78224,0,0,0,0,0,1,0,0
10040477,C0549622,Sexual dysfunction,PT,10039966,C0011268,Senile dementia,PT,0.925243,2.95491,0.814815,0.578947,0.27573,0.603615,10.192489,1.321056,0,0,0,0,0,1,0,0
10040477,C0549622,Sexual dysfunction,PT,10029333,C0027932,Neurosis,PT,1.127984,3.465736,0.88,0.758621,0.321678,0.654804,10.192489,1.346651,0,0,0,0,0,1,0,0
10040477,C0549622,Sexual dysfunction,PT,10011732,C0010709,Cyst,PT,0.672505,3.465736,0.869565,0.645161,0.145054,0.404286,5.946172,0.79676,0,0,0,0,0,1,0,0
10040477,C0549622,Sexual dysfunction,PT,10019063,C0018524,Hallucination,PT,1.002727,2.95491,0.814815,0.758621,0.292717,0.623416,10.192489,1.330957,0,0,0,0,0,1,0,0
10040477,C0549622,Sexual dysfunction,PT,10040984,C0851578,Sleep disorder,PT,1.054207,3.465736,0.88,0.647059,0.304398,0.636418,10.192489,1.337458,0,0,0,0,0,1,0,0
10040477,C0549622,Sexual dysfunction,PT,10012239,C0011253,Delusion,PT,0.996129,3.178054,0.846154,0.758621,0.291243,0.62174,10.192489,1.330119,0,0,0,0,0,1,0,0
10040477,C0549622,Sexual dysfunction,PT,10030247,C0853662,Oestrogen deficiency,PT,0.450762,2.618438,0.740741,0.540541,0.118474,0.34963,5.946172,0.769432,0,0,1,0,0,0,0,1
10040477,C0549622,Sexual dysfunction,PT,10024419,C0011124,Libido decreased,PT,1.164223,3.465736,0.769231,0.3125,0.363799,0.695801,11.812139,1.529114,0,1,1,0,0,1,1,1
10040477,C0549622,Sexual dysfunction,PT,10018916,C0002878,Haemolytic anaemia,PT,0.525895,3.178054,0.833333,0.571429,0.12694,0.367723,5.946172,0.778479,0,0,0,0,0,1,0,0
10040477,C0549622,Sexual dysfunction,PT,10018852,C0018944,Haematoma,PT,0.561744,3.465736,0.869565,0.555556,0.13117,0.376516,5.946172,0.782875,0,0,0,0,0,1,0,0
10040477,C0549622,Sexual dysfunction,PT,10061087,C0009782,Connective tissue disorder,PT,0.904998,3.465736,0.869565,0.645161,0.178523,0.465034,5.946172,0.827134,0,0,0,0,0,1,0,0
10040477,C0549622,Sexual dysfunction,PT,10061461,C0242350,Erectile dysfunction,PT,2.553193,3.465736,0.903226,0.756757,0.813044,0.945639,15.869213,2.059741,0,0,1,0,1,1,1,1
10040477,C0549622,Sexual dysfunction,PT,10013462,C0012746,Dissociative disorder,PT,1.042842,3.465736,0.88,0.733333,0.301792,0.633559,10.192489,1.336028,0,0,0,0,0,1,0,0
10040477,C0549622,Sexual dysfunction,PT,10061827,C0700201,Dyssomnia,PT,1.023196,3.178054,0.846154,0.628571,0.297324,0.628601,10.192489,1.333549,0,0,0,0,0,1,0,0
10040477,C0549622,Sexual dysfunction,PT,10041497,C0232977,Spermatorrhoea,PT,1.082452,2.95491,0.615385,0.222222,0.334641,0.667972,11.360213,1.470007,0,0,0,0,1,1,0,1
10040477,C0549622,Sexual dysfunction,PT,10004213,C0004943,Behcet's syndrome,PT,0.460772,3.465736,0.869565,0.487805,0.119571,0.352014,5.946172,0.770624,0,0,0,0,0,1,0,0
10040477,C0549622,Sexual dysfunction,PT,10007649,C0007222,Cardiovascular disorder,PT,0.952787,3.178054,0.833333,0.714286,0.186182,0.477834,5.946172,0.833534,0,0,0,0,0,1,0,0
10040477,C0549622,Sexual dysfunction,PT,10076663,C3899516,Complex tic,PT,0.908522,3.178054,0.846154,0.578947,0.272158,0.59931,10.192489,1.318904,0,0,0,0,0,0,0,0
10040477,C0549622,Sexual dysfunction,PT,10001443,C0525045,Affective disorder,PT,1.105242,3.465736,0.88,0.647059,0.316284,0.64917,10.192489,1.343834,0,0,0,0,0,1,0,0
10040477,C0549622,Sexual dysfunction,PT,10027175,C0233794,Memory impairment,PT,0.944331,2.95491,0.814815,0.709677,0.279848,0.608516,10.192489,1.323507,0,0,0,0,0,1,0,0
10040477,C0549622,Sexual dysfunction,PT,10001666,C0854348,Alice in wonderland syndrome,PT,0.908522,3.178054,0.846154,0.758621,0.272158,0.59931,10.192489,1.318904,0,0,0,0,0,0,0,0
10040477,C0549622,Sexual dysfunction,PT,10021929,C0021364,Infertility male,PT,1.229929,3.465736,0.769231,0.294118,0.380692,0.710884,11.812139,1.536656,0,0,0,1,1,1,0,1
10040477,C0549622,Sexual dysfunction,PT,10037742,C0034494,Rabies,PT,0.92103,2.95491,0.814815,0.666667,0.274827,0.602531,10.192489,1.320514,0,0,0,0,0,1,0,0
10040477,C0549622,Sexual dysfunction,PT,10001632,C0033936,Alcoholic psychosis,PT,0.920522,2.95491,0.814815,0.536585,0.274718,0.602401,10.192489,1.320449,0,0,0,0,0,1,0,0
10040477,C0549622,Sexual dysfunction,PT,10017856,C0156076,Gastritis alcoholic,PT,0.450762,3.178054,0.833333,0.540541,0.118474,0.34963,5.946172,0.769432,0,0,0,0,0,1,0,0
10040477,C0549622,Sexual dysfunction,PT,10001596,C0236656,Alcohol induced persisting dementia,PT,0.908522,3.178054,0.846154,0.511628,0.272158,0.59931,10.192489,1.318904,0,0,0,0,0,1,0,0
10040477,C0549622,Sexual dysfunction,PT,10080638,C0860564,Differentiation syndrome,PT,0.452023,3.465736,0.869565,0.645161,0.118612,0.34993,5.946172,0.769582,0,0,0,0,0,1,0,0
10040477,C0549622,Sexual dysfunction,PT,10020375,C0019900,Homosexuality,PT,1.567719,2.95491,0.827586,0.8,0.507337,0.804655,13.525496,1.754877,0,0,0,0,0,1,0,0
10040477,C0549622,Sexual dysfunction,PT,10004939,C0853193,Bipolar I disorder,PT,0.970333,2.95491,0.814815,0.611111,0.285528,0.615169,10.192489,1.326833,0,0,0,0,0,1,0,0
10040477,C0549622,Sexual dysfunction,PT,10024421,C0021177,Libido increased,PT,1.166686,3.465736,0.769231,0.3125,0.364424,0.696372,11.812139,1.5294,0,0,0,0,0,1,1,0
10040477,C0549622,Sexual dysfunction,PT,10007776,C0007398,Catatonia,PT,0.944671,2.95491,0.814815,0.758621,0.279922,0.608603,10.192489,1.32355,0,0,0,0,0,1,0,0
10040477,C0549622,Sexual dysfunction,PT,10021637,C0854210,Incomplete precocious puberty,PT,1.158817,3.465736,0.769231,0.27027,0.362428,0.694545,11.812139,1.528486,0,0,0,0,0,0,0,0
10040477,C0549622,Sexual dysfunction,PT,10002641,C1261504,Anorchism,PT,1.158817,2.95491,0.666667,0.208333,0.362428,0.694545,11.812139,1.528486,0,0,0,0,0,1,0,0
10040477,C0549622,Sexual dysfunction,PT,10016405,C0033948,Female orgasmic disorder,PT,1.158817,3.465736,0.769231,0.3125,0.362428,0.694545,11.812139,1.528486,0,1,1,0,0,1,1,1
10040477,C0549622,Sexual dysfunction,PT,10047791,C0520589,Vulvovaginal dryness,PT,0.609535,2.618438,0.758621,0.611111,0.169485,0.449427,7.643425,0.989056,0,0,1,0,0,1,0,1
10040477,C0549622,Sexual dysfunction,PT,10002652,C0234022,Anorgasmia,PT,2.445914,3.871201,0.933333,0.933333,0.787242,0.936712,15.869213,2.055277,0,1,1,0,0,1,1,1
10040477,C0549622,Sexual dysfunction,PT,10028080,C0006848,Mucocutaneous candidiasis,PT,0.468236,3.178054,0.833333,0.5,0.120396,0.353796,5.946172,0.771515,0,0,0,0,0,1,0,0
10040477,C0549622,Sexual dysfunction,PT,10038967,C0403673,Retrograde ejaculation,PT,1.516719,3.178054,0.857143,0.8,0.492703,0.795289,13.525496,1.750194,0,1,0,0,1,1,0,1
10040477,C0549622,Sexual dysfunction,PT,10084476,C5400301,Genital anaesthesia,PT,0.450762,2.618438,0.740741,0.645161,0.118474,0.34963,5.946172,0.769432,0,0,1,0,0,0,1,1
10040477,C0549622,Sexual dysfunction,PT,10051151,C0221030,Hyperviscosity syndrome,PT,0.451715,3.465736,0.869565,0.645161,0.118578,0.349857,5.946172,0.769546,0,0,0,0,0,1,0,0
10040477,C0549622,Sexual dysfunction,PT,10081477,C4728007,Post-sterilisation regret,PT,1.158817,3.465736,0.769231,0.344828,0.362428,0.694545,11.812139,1.528486,0,0,0,0,0,0,0,0
10040477,C0549622,Sexual dysfunction,PT,10068321,C1997348,Congenital inguinal hernia,PT,0.451176,3.178054,0.833333,0.5,0.118519,0.349729,5.946172,0.769482,0,0,0,0,0,1,0,0
10040477,C0549622,Sexual dysfunction,PT,10022437,C0917801,Insomnia,PT,0.940782,2.95491,0.814815,0.611111,0.279079,0.607606,10.192489,1.323052,0,0,0,0,0,1,0,0
10040477,C0549622,Sexual dysfunction,PT,10013754,C0152128,Drug withdrawal syndrome,PT,0.479675,3.465736,0.869565,0.512821,0.121669,0.356538,5.946172,0.772886,0,0,0,0,0,1,0,0
10040477,C0549622,Sexual dysfunction,PT,10007982,C0020681,Central-alveolar hypoventilation,PT,0.908522,3.178054,0.846154,0.536585,0.272158,0.59931,10.192489,1.318904,0,0,0,0,0,1,0,0
10040477,C0549622,Sexual dysfunction,PT,10047717,C0042979,Voyeurism,PT,2.405022,3.178054,0.875,0.848485,0.777122,0.933097,15.869213,2.05347,0,0,0,0,0,1,0,0
10040477,C0549622,Sexual dysfunction,PT,10021030,C0241934,Hypomania,PT,0.908522,3.178054,0.846154,0.611111,0.272158,0.59931,10.192489,1.318904,0,0,0,0,0,1,0,0
10040477,C0549622,Sexual dysfunction,PT,10025513,C0033949,Male orgasmic disorder,PT,1.158817,3.465736,0.769231,0.30303,0.362428,0.694545,11.812139,1.528486,0,1,1,0,0,1,1,1
10040477,C0549622,Sexual dysfunction,PT,10063928,C0271556,Amenorrhoea-galactorrhoea syndrome,PT,1.516719,3.465736,0.888889,0.6,0.492703,0.795289,13.525496,1.750194,0,0,0,0,0,1,0,0
10040477,C0549622,Sexual dysfunction,PT,10053584,C0339968,Neonatal pneumonia,PT,0.45849,3.178054,0.833333,0.526316,0.119321,0.35147,5.946172,0.770352,0,0,0,0,0,1,0,0
10040477,C0549622,Sexual dysfunction,PT,10043334,C0154215,Testicular hyperfunction,PT,1.159726,3.178054,0.714286,0.227273,0.362658,0.694756,11.812139,1.528592,0,0,0,0,0,1,0,0
10040477,C0549622,Sexual dysfunction,PT,10011724,C0010598,Cyclothymic disorder,PT,0.911871,3.178054,0.846154,0.611111,0.272871,0.600173,10.192489,1.319335,0,0,0,0,0,1,0,0
10040477,C0549622,Sexual dysfunction,PT,10021580,C0855243,Inadequate lubrication,PT,2.405022,3.465736,0.903226,0.875,0.777122,0.933097,15.869213,2.05347,0,0,1,0,0,0,0,1
10040477,C0549622,Sexual dysfunction,PT,10039651,C1443045,Schizotypal personality disorder,PT,0.919252,3.178054,0.846154,0.709677,0.274446,0.602074,10.192489,1.320286,0,0,0,0,0,1,0,0
10040477,C0549622,Sexual dysfunction,PT,10001639,C0001973,Alcoholism,PT,0.9274,3.178054,0.846154,0.564103,0.276193,0.60417,10.192489,1.321334,0,0,0,0,0,1,0,0
10040477,C0549622,Sexual dysfunction,PT,10059420,C0030472,Paraneoplastic syndrome,PT,0.501523,3.465736,0.869565,0.645161,0.124135,0.361803,5.946172,0.775519,0,0,0,0,0,1,0,0
10040477,C0549622,Sexual dysfunction,PT,10039621,C0036337,Schizoaffective disorder,PT,0.942268,3.178054,0.846154,0.733333,0.279401,0.607987,10.192489,1.323242,0,0,0,0,0,1,0,0
10040477,C0549622,Sexual dysfunction,PT,10059591,C1282921,Cotard's syndrome,PT,0.908522,3.178054,0.846154,0.611111,0.272158,0.59931,10.192489,1.318904,0,0,0,0,0,1,0,0
10040477,C0549622,Sexual dysfunction,PT,10015120,C0541941,Erection increased,PT,2.405022,3.465736,0.903226,0.875,0.777122,0.933097,15.869213,2.05347,0,0,0,0,1,0,0,1
10040477,C0549622,Sexual dysfunction,PT,10008874,C0015674,Chronic fatigue syndrome,PT,0.909812,3.465736,0.88,0.709677,0.272432,0.599643,10.192489,1.31907,0,0,0,0,0,1,0,0
10040477,C0549622,Sexual dysfunction,PT,10052793,C0005887,Body dysmorphic disorder,PT,0.908522,3.178054,0.846154,0.611111,0.272158,0.59931,10.192489,1.318904,0,0,0,0,0,1,0,0
10040477,C0549622,Sexual dysfunction,PT,10001296,C0154587,Adjustment disorder with anxiety,PT,0.912916,3.178054,0.846154,0.758621,0.273093,0.600442,10.192489,1.31947,0,0,0,0,0,1,0,0
10040477,C0549622,Sexual dysfunction,PT,10036316,C0038436,Post-traumatic stress disorder,PT,0.921778,3.178054,0.846154,0.709677,0.274987,0.602724,10.192489,1.320611,0,0,0,0,0,1,0,0
10040477,C0549622,Sexual dysfunction,PT,10049777,C0475598,Melaena neonatal,PT,0.451365,3.178054,0.833333,0.5,0.11854,0.349774,5.946172,0.769504,0,0,0,0,0,1,0,0
10040477,C0549622,Sexual dysfunction,PT,10021011,C0151721,Hypogonadism male,PT,1.176721,3.178054,0.714286,0.227273,0.366979,0.698696,11.812139,1.530562,0,0,0,0,0,1,0,0
10040477,C0549622,Sexual dysfunction,PT,10055002,C0266429,Monorchidism,PT,1.160624,2.772589,0.769231,0.425532,0.362886,0.694965,11.812139,1.528696,0,0,0,0,0,1,0,0
10040477,C0549622,Sexual dysfunction,PT,10075902,C3831598,Adrenal androgen deficiency,PT,1.158817,3.465736,0.769231,0.263158,0.362428,0.694545,11.812139,1.528486,0,0,0,0,0,0,0,0
10040477,C0549622,Sexual dysfunction,PT,10020740,C0267988,Hyperproteinaemia,PT,0.451193,3.465736,0.869565,0.512821,0.118521,0.349733,5.946172,0.769484,0,0,0,0,0,1,0,0
10040477,C0549622,Sexual dysfunction,PT,10074067,C0085261,Proteus syndrome,PT,0.451383,3.465736,0.869565,0.540541,0.118542,0.349778,5.946172,0.769506,0,0,0,0,0,1,0,0
10040477,C0549622,Sexual dysfunction,PT,10006550,C2267227,Bulimia nervosa,PT,0.928511,3.178054,0.846154,0.709677,0.276432,0.604455,10.192489,1.321476,0,0,0,0,0,1,0,0
10040477,C0549622,Sexual dysfunction,PT,10037211,C3887612,Psychomotor hyperactivity,PT,0.92049,2.95491,0.814815,0.709677,0.274711,0.602392,10.192489,1.320445,0,0,0,0,0,1,0,0
10040477,C0549622,Sexual dysfunction,PT,10033264,C0854129,Ovarian hyperfunction,PT,1.16195,3.178054,0.714286,0.263158,0.363222,0.695273,11.812139,1.52885,0,0,0,0,0,1,0,0
10040477,C0549622,Sexual dysfunction,PT,10016278,C0522182,Fear of disease,PT,0.952819,2.95491,0.814815,0.6875,0.281693,0.610691,10.192489,1.324594,0,0,0,0,0,1,0,0
10040477,C0549622,Sexual dysfunction,PT,10084509,C5244055,SARS-CoV-2 antibody test negative,PT,0.270663,3.178054,0.714286,0.277778,0.064257,0.215487,3.664802,0.474224,0,0,0,0,0,1,0,0
10040477,C0549622,Sexual dysfunction,PT,10049118,C0877144,Spontaneous penile erection,PT,1.082452,2.95491,0.615385,0.380952,0.334641,0.667972,11.360213,1.470007,0,0,1,0,1,0,0,1
10040477,C0549622,Sexual dysfunction,PT,10038584,C0035127,Repetitive strain injury,PT,0.460759,3.465736,0.869565,0.540541,0.11957,0.352011,5.946172,0.770623,0,0,0,0,0,1,0,0
10040477,C0549622,Sexual dysfunction,PT,10041467,C0270330,Speech disorder developmental,PT,0.924083,3.178054,0.846154,0.594595,0.275481,0.603317,10.192489,1.320907,0,0,0,0,0,1,0,0
10040477,C0549622,Sexual dysfunction,PT,10013443,C0158992,Disseminated intravascular coagulation in newborn,PT,0.450762,3.178054,0.833333,0.5,0.118474,0.34963,5.946172,0.769432,0,0,0,0,0,1,0,0
10040477,C0549622,Sexual dysfunction,PT,10009802,C0005779,Coagulopathy,PT,0.638905,3.465736,0.869565,0.625,0.140709,0.39577,5.946172,0.792502,0,0,0,0,0,1,0,0
10040477,C0549622,Sexual dysfunction,PT,10084640,C5400365,SARS-CoV-2 viraemia,PT,0.450762,3.465736,0.869565,0.606061,0.118474,0.34963,5.946172,0.769432,0,0,0,0,0,1,0,0
10040477,C0549622,Sexual dysfunction,PT,10087998,C5780086,Testosterone deficiency syndrome,PT,0.450762,2.618438,0.740741,0.540541,0.118474,0.34963,5.946172,0.769432,0,0,1,0,0,0,1,1
10040477,C0549622,Sexual dysfunction,PT,10076595,C0038580,Substance dependence,PT,0.595635,3.465736,0.869565,0.769231,0.135285,0.38492,5.946172,0.787077,0,0,0,0,0,1,0,0
10040477,C0549622,Sexual dysfunction,PT,10001298,C0001540,Adjustment disorder with disturbance of conduct,PT,0.925134,3.178054,0.846154,0.758621,0.275706,0.603587,10.192489,1.321042,0,0,0,0,0,1,0,0
10040477,C0549622,Sexual dysfunction,PT,10001297,C0001539,Adjustment disorder with depressed mood,PT,0.925134,3.178054,0.846154,0.758621,0.275706,0.603587,10.192489,1.321042,0,0,0,0,0,1,0,0
10040477,C0549622,Sexual dysfunction,PT,10040483,C0522205,Sexual inhibition,PT,2.405022,3.465736,0.903226,0.875,0.777122,0.933097,15.869213,2.05347,0,1,0,0,0,1,1,1
10040477,C0549622,Sexual dysfunction,PT,10049513,C0404576,Luteal phase deficiency,PT,1.158817,2.95491,0.814815,0.578947,0.362428,0.694545,11.812139,1.528486,0,0,0,0,0,1,0,0
10040477,C0549622,Sexual dysfunction,PT,10036596,C0033038,Premature ejaculation,PT,1.532609,3.178054,0.857143,0.8,0.49725,0.798234,13.525496,1.751667,0,1,1,0,0,1,1,1
10040477,C0549622,Sexual dysfunction,PT,10040469,C0036903,Sexual aversion disorder,PT,2.405022,3.178054,0.875,0.875,0.777122,0.933097,15.869213,2.05347,0,0,0,0,0,1,1,0
10040477,C0549622,Sexual dysfunction,PT,10017389,C0016738,Frotteurism,PT,2.405022,3.178054,0.875,0.875,0.777122,0.933097,15.869213,2.05347,0,0,0,0,0,1,0,0
10040477,C0549622,Sexual dysfunction,PT,10016531,C0015957,Fetishism,PT,2.45057,3.178054,0.875,0.875,0.788384,0.937116,15.869213,2.055479,0,0,0,0,0,1,0,0
10040477,C0549622,Sexual dysfunction,PT,10010219,C0600104,Compulsions,PT,0.954682,2.95491,0.814815,0.647059,0.2821,0.611168,10.192489,1.324833,0,0,0,0,0,1,0,0
10040477,C0549622,Sexual dysfunction,PT,10001488,C0001807,Aggression,PT,1.084782,2.95491,0.814815,0.758621,0.311482,0.644075,10.192489,1.341286,0,0,0,0,0,1,0,0
10040477,C0549622,Sexual dysfunction,PT,10067484,C0559546,Adverse reaction,PT,0.884644,3.465736,0.869565,0.714286,0.175344,0.459608,5.946172,0.824421,0,0,0,0,0,1,0,0
10040477,C0549622,Sexual dysfunction,PT,10067477,C0008626,Cytogenetic abnormality,PT,0.636371,3.465736,0.869565,0.689655,0.140386,0.395131,5.946172,0.792183,0,0,0,0,0,1,0,0
10040477,C0549622,Sexual dysfunction,PT,10014778,C0014175,Endometriosis,PT,0.468432,3.465736,0.869565,0.571429,0.120417,0.353843,5.946172,0.771539,0,0,0,0,0,1,0,0
10040477,C0549622,Sexual dysfunction,PT,10029883,C0028754,Obesity,PT,0.500293,3.465736,0.869565,0.606061,0.123995,0.361506,5.946172,0.77537,0,0,0,0,0,1,0,0
10040477,C0549622,Sexual dysfunction,PT,10073421,C3544134,Genital hyperaesthesia,PT,0.450762,2.618438,0.740741,0.645161,0.118474,0.34963,5.946172,0.769432,0,0,1,0,0,0,1,1
10040477,C0549622,Sexual dysfunction,PT,10048663,C0001816,Agnosia,PT,0.945145,2.95491,0.814815,0.709677,0.280025,0.608725,10.192489,1.323611,0,0,0,0,0,1,0,0
10040477,C0549622,Sexual dysfunction,PT,10001502,C0001818,Agoraphobia,PT,0.948728,3.178054,0.846154,0.6875,0.280803,0.609643,10.192489,1.32407,0,0,0,0,0,1,0,0
10040477,C0549622,Sexual dysfunction,PT,10037006,C0154290,Protein deficiency anaemia,PT,0.452461,3.178054,0.833333,0.487805,0.11866,0.350034,5.946172,0.769634,0,0,0,0,0,1,0,0
10040477,C0549622,Sexual dysfunction,PT,10044458,C0040774,Transvestism,PT,2.41475,3.178054,0.875,0.736842,0.779543,0.933968,15.869213,2.053905,0,0,0,0,0,1,0,0
10040477,C0549622,Sexual dysfunction,PT,10065973,C0282193,Iron overload,PT,0.474249,3.178054,0.833333,0.5,0.121064,0.355236,5.946172,0.772235,0,0,0,0,0,1,0,0
10040477,C0549622,Sexual dysfunction,PT,10067378,C1963745,HAIR-AN syndrome,PT,1.158817,3.465736,0.769231,0.27027,0.362428,0.694545,11.812139,1.528486,0,0,0,0,0,0,0,0
10040477,C0549622,Sexual dysfunction,PT,10059245,C0042373,Angiopathy,PT,0.925307,3.178054,0.833333,0.689655,0.181744,0.470464,5.946172,0.829849,0,0,0,0,0,1,0,0
10040477,C0549622,Sexual dysfunction,PT,10039367,C0036039,Sadism,PT,1.975721,2.95491,0.827586,0.727273,0.65023,0.881461,14.991042,1.939835,0,0,0,0,0,1,0,0
10040477,C0549622,Sexual dysfunction,PT,10057678,C0011269,Vascular dementia,PT,0.919523,3.178054,0.846154,0.564103,0.274504,0.602144,10.192489,1.320321,0,0,0,0,0,1,0,0
10040477,C0549622,Sexual dysfunction,PT,10067672,C0264588,Spasmodic dysphonia,PT,0.918386,2.95491,0.814815,0.578947,0.274261,0.601851,10.192489,1.320174,0,0,0,0,0,1,0,0
10040477,C0549622,Sexual dysfunction,PT,10074267,C3666018,Spontaneous ejaculation,PT,1.082452,2.95491,0.615385,0.380952,0.334641,0.667972,11.360213,1.470007,0,1,1,0,1,0,1,1
10040477,C0549622,Sexual dysfunction,PT,10013953,C0264622,Dysphonia psychogenic,PT,0.920788,3.465736,0.88,0.6875,0.274775,0.602469,10.192489,1.320483,0,0,0,0,0,1,0,0
10040477,C0549622,Sexual dysfunction,PT,10012374,C0344315,Depressed mood,PT,0.928805,2.95491,0.814815,0.758621,0.276495,0.604531,10.192489,1.321514,0,0,0,0,0,1,0,0
10040477,C0549622,Sexual dysfunction,PT,10006241,C1449721,Breast engorgement in newborn,PT,0.450762,3.178054,0.833333,0.526316,0.118474,0.34963,5.946172,0.769432,0,0,0,0,0,1,0,0
10040477,C0549622,Sexual dysfunction,PT,10003885,C0242528,Azotaemia,PT,0.453347,3.465736,0.869565,0.540541,0.118757,0.350245,5.946172,0.76974,0,0,0,0,0,1,0,0
10040477,C0549622,Sexual dysfunction,PT,10073931,C0019342,Genital herpes simplex,PT,0.614969,3.178054,0.846154,0.52381,0.170293,0.450844,7.643425,0.989765,0,0,0,0,0,1,0,0
10040477,C0549622,Sexual dysfunction,PT,10002974,C0003578,Apnoea,PT,0.965536,2.772589,0.785714,0.6875,0.284474,0.613944,10.192489,1.326221,0,0,0,0,0,1,0,0
10040477,C0549622,Sexual dysfunction,PT,10057666,C0003469,Anxiety disorder,PT,1.132605,3.465736,0.88,0.733333,0.322782,0.655945,10.192489,1.347221,0,0,0,0,0,1,0,0
10040477,C0549622,Sexual dysfunction,PT,10014643,C2945606,Encopresis,PT,0.917351,3.178054,0.846154,0.594595,0.27404,0.601585,10.192489,1.320041,0,0,0,0,0,1,0,0
10040477,C0549622,Sexual dysfunction,PT,10012665,C0554436,Diabetic gangrene,PT,0.451686,3.178054,0.833333,0.434783,0.118575,0.34985,5.946172,0.769542,0,0,0,0,0,1,0,0
